round,g1,g2,choice,coin_flip,wealth_expected,wealth_actual,realized,g1_max,g1_min,g1_range,g1_mean,g1_signs_diff,g1_both_positive,g1_both_negative,g1_count_positive,g1_count_negative,g1_both_gainers,g1_both_shrinkers,g1_count_gainers,g1_count_shrinkers,g2_max,g2_min,g2_range,g2_mean,g2_signs_diff,g2_both_positive,g2_both_negative,g2_count_positive,g2_count_negative,g2_both_gainers,g2_both_shrinkers,g2_count_gainers,g2_count_shrinkers,eta
1,"(1.184, 1.739)","(1.006, 1.446)",1,1,1461.5,1184.0,1.184,1.739,1.184,0.5550000000000002,1.4615,0,1,0,2,0,1,0,2,0,1.446,1.006,0.43999999999999995,1.226,0,1,0,2,0,1,0,2,0,1.0
2,"(0.583, 0.649)","(0.427, 1.739)",2,2,1582.8045,2058.976,1.739,0.649,0.583,0.06600000000000006,0.616,0,1,0,2,0,0,1,0,2,1.739,0.427,1.312,1.083,0,1,0,2,0,0,0,1,1,1.0
3,"(0.427, 0.841)","(1.446, 1.739)",2,1,2520.61616625,2977.279296,1.446,0.841,0.427,0.414,0.634,0,1,0,2,0,0,1,0,2,1.739,1.446,0.29300000000000015,1.5925,0,1,0,2,0,1,0,2,0,1.0
4,"(1.006, 2.164)","(0.427, 1.006)",1,1,3995.1766235062496,2995.142971776,1.006,2.164,1.006,1.1580000000000001,1.585,0,1,0,2,0,1,0,2,0,1.006,0.427,0.579,0.7165,0,1,0,2,0,0,0,1,1,1.0
5,"(0.649, 0.841)","(0.583, 0.841)",1,1,2976.406584512156,1943.8477886826242,0.649,0.841,0.649,0.19199999999999995,0.745,0,1,0,2,0,0,1,0,2,0.841,0.583,0.258,0.712,0,1,0,2,0,0,1,0,2,1.0
6,"(0.583, 1.446)","(1.184, 1.446)",2,1,3913.974658633485,2301.515781800227,1.184,1.446,0.583,0.863,1.0145,0,1,0,2,0,0,0,1,1,1.446,1.184,0.262,1.315,0,1,0,2,0,1,0,2,0,1.0
7,"(0.583, 0.649)","(0.427, 0.841)",1,2,2411.0083897182267,1493.6837423883476,0.649,0.649,0.583,0.06600000000000006,0.616,0,1,0,2,0,0,1,0,2,0.841,0.427,0.414,0.634,0,1,0,2,0,0,1,0,2,1.0
8,"(0.583, 1.739)","(1.446, 1.739)",2,1,3839.530860626276,2159.8666914935507,1.446,1.739,0.583,1.1560000000000001,1.161,0,1,0,2,0,0,0,1,1,1.739,1.446,0.29300000000000015,1.5925,0,1,0,2,0,1,0,2,0,1.0
9,"(0.427, 0.649)","(0.649, 2.164)",2,2,5400.300155470858,4673.951520392044,2.164,0.649,0.427,0.22200000000000003,0.538,0,1,0,2,0,0,1,0,2,2.164,0.649,1.5150000000000001,1.4065,0,1,0,2,0,0,0,1,1,1.0
10,"(0.427, 1.739)","(1.006, 1.184)",2,1,5913.328670240589,4701.995229514396,1.006,1.739,0.427,1.312,1.083,0,1,0,2,0,0,0,1,1,1.184,1.006,0.17799999999999994,1.095,0,1,0,2,0,1,0,2,0,1.0
11,"(0.583, 0.841)","(0.841, 1.006)",2,2,5460.959026967184,4730.207200891482,1.006,0.841,0.583,0.258,0.712,0,1,0,2,0,0,1,0,2,1.006,0.841,0.16500000000000004,0.9235,0,1,0,2,0,0,0,1,1,1.0
12,"(0.427, 1.184)","(0.427, 0.841)",1,1,4398.802496222067,2019.7984747806627,0.427,1.184,0.427,0.7569999999999999,0.8055,0,1,0,2,0,0,0,1,1,0.841,0.427,0.414,0.634,0,1,0,2,0,0,1,0,2,1.0
13,"(0.649, 1.184)","(0.427, 1.184)",1,1,4031.5024877875244,1310.8492101326501,0.649,1.184,0.649,0.5349999999999999,0.9165,0,1,0,2,0,0,0,1,1,1.184,0.427,0.7569999999999999,0.8055,0,1,0,2,0,0,0,1,1,1.0
14,"(1.739, 2.164)","(0.427, 1.446)",1,2,7867.477104917355,2836.677690727055,2.164,2.164,1.739,0.42500000000000004,1.9515000000000002,0,1,0,2,0,1,0,2,0,1.446,0.427,1.019,0.9365,0,1,0,2,0,0,0,1,1,1.0
15,"(1.446, 2.164)","(0.427, 1.184)",1,1,14200.796174375828,4101.835940791321,1.446,2.164,1.446,0.7180000000000002,1.8050000000000002,0,1,0,2,0,1,0,2,0,1.184,0.427,0.7569999999999999,0.8055,0,1,0,2,0,0,0,1,1,1.0
16,"(1.006, 1.446)","(1.006, 1.739)",2,1,19490.592749330823,4126.446956436069,1.006,1.446,1.006,0.43999999999999995,1.226,0,1,0,2,0,1,0,2,0,1.739,1.006,0.7330000000000001,1.3725,0,1,0,2,0,1,0,2,0,1.0
17,"(0.841, 1.446)","(1.006, 1.184)",1,2,22287.492808859795,5966.842299006556,1.446,1.446,0.841,0.605,1.1435,0,1,0,2,0,0,0,1,1,1.184,1.006,0.17799999999999994,1.095,0,1,0,2,0,1,0,2,0,1.0
18,"(0.583, 1.184)","(1.006, 1.446)",2,2,27324.46618366211,8628.053964363478,1.446,1.184,0.583,0.601,0.8835,0,1,0,2,0,0,0,1,1,1.446,1.006,0.43999999999999995,1.226,0,1,0,2,0,1,0,2,0,1.0
19,"(1.006, 1.739)","(1.006, 1.184)",1,2,37502.82983707625,15004.18584402809,1.739,1.739,1.006,0.7330000000000001,1.3725,0,1,0,2,0,1,0,2,0,1.184,1.006,0.17799999999999994,1.095,0,1,0,2,0,1,0,2,0,1.0
20,"(0.649, 2.164)","(1.739, 2.164)",2,2,73186.77242705431,32469.05816647679,2.164,2.164,0.649,1.5150000000000001,1.4065,0,1,0,2,0,0,0,1,1,2.164,1.739,0.42500000000000004,1.9515000000000002,0,1,0,2,0,1,0,2,0,1.0
21,"(0.649, 0.841)","(0.427, 1.184)",1,2,54524.145458155464,27306.477918006978,0.841,0.841,0.649,0.19199999999999995,0.745,0,1,0,2,0,0,1,0,2,1.184,0.427,0.7569999999999999,0.8055,0,1,0,2,0,0,0,1,1,1.0
22,"(0.427, 1.739)","(0.841, 1.184)",2,1,55205.69727638241,22964.747929043868,0.841,1.739,0.427,1.312,1.083,0,1,0,2,0,0,0,1,1,1.184,0.841,0.34299999999999997,1.0125,0,1,0,2,0,0,0,1,1,1.0
23,"(1.006, 1.446)","(1.006, 1.184)",1,2,67682.18486084483,33207.02550539743,1.446,1.446,1.006,0.43999999999999995,1.226,0,1,0,2,0,1,0,2,0,1.184,1.006,0.17799999999999994,1.095,0,1,0,2,0,1,0,2,0,1.0
24,"(0.427, 2.164)","(0.583, 0.841)",1,1,87682.2704872245,14179.399890804703,0.427,2.164,0.427,1.737,1.2955,0,1,0,2,0,0,0,1,1,0.841,0.583,0.258,0.712,0,1,0,2,0,0,1,0,2,1.0
25,"(0.427, 1.006)","(0.841, 2.164)",2,2,131742.6114070548,30684.22136370138,2.164,1.006,0.427,0.579,0.7165,0,1,0,2,0,0,0,1,1,2.164,0.841,1.3230000000000002,1.5025,0,1,0,2,0,0,0,1,1,1.0
26,"(0.841, 1.446)","(1.184, 2.164)",2,1,220537.1314954097,36330.118094622434,1.184,1.446,0.841,0.605,1.1435,0,1,0,2,0,0,0,1,1,2.164,1.184,0.9800000000000002,1.674,0,1,0,2,0,1,0,2,0,1.0
27,"(0.649, 1.446)","(0.583, 1.184)",1,1,231012.64524144164,23578.24664340996,0.649,1.446,0.649,0.7969999999999999,1.0474999999999999,0,1,0,2,0,0,0,1,1,1.184,0.583,0.601,0.8835,0,1,0,2,0,0,0,1,1,1.0
28,"(0.841, 1.739)","(0.841, 2.164)",2,2,347096.499475266,51023.32573633915,2.164,1.739,0.841,0.8980000000000001,1.29,0,1,0,2,0,0,0,1,1,2.164,0.841,1.3230000000000002,1.5025,0,1,0,2,0,0,0,1,1,1.0
29,"(0.583, 0.841)","(1.184, 2.164)",2,2,581039.5401215953,110414.47689343794,2.164,0.841,0.583,0.258,0.712,0,1,0,2,0,0,1,0,2,2.164,1.184,0.9800000000000002,1.674,0,1,0,2,0,1,0,2,0,1.0
30,"(1.739, 2.164)","(0.427, 1.006)",1,1,1133898.6625472934,192010.7753176886,1.739,2.164,1.739,0.42500000000000004,1.9515000000000002,0,1,0,2,0,1,0,2,0,1.006,0.427,0.579,0.7165,0,1,0,2,0,0,0,1,1,1.0
31,"(0.841, 1.006)","(0.427, 1.446)",1,2,1047155.4148624254,193162.83996959473,1.006,1.006,0.841,0.16500000000000004,0.9235,0,1,0,2,0,0,0,1,1,1.446,0.427,1.019,0.9365,0,1,0,2,0,0,0,1,1,1.0
32,"(0.649, 2.164)","(1.006, 2.164)",2,2,1659741.3325569443,418004.385694203,2.164,2.164,0.649,1.5150000000000001,1.4065,0,1,0,2,0,0,0,1,1,2.164,1.006,1.1580000000000001,1.585,0,1,0,2,0,1,0,2,0,1.0
33,"(0.841, 2.164)","(0.427, 2.164)",1,2,2493761.3521668087,904561.4906422554,2.164,2.164,0.841,1.3230000000000002,1.5025,0,1,0,2,0,0,0,1,1,2.164,0.427,1.737,1.2955,0,1,0,2,0,0,0,1,1,1.0
34,"(0.649, 1.006)","(1.446, 2.164)",2,2,4501239.24066109,1957471.0657498408,2.164,1.006,0.649,0.357,0.8275,0,1,0,2,0,0,0,1,1,2.164,1.446,0.7180000000000002,1.8050000000000002,0,1,0,2,0,1,0,2,0,1.0
35,"(0.583, 2.164)","(0.427, 2.164)",1,1,6182452.097048007,1141205.6313321572,0.583,2.164,0.583,1.5810000000000002,1.3735,0,1,0,2,0,0,0,1,1,2.164,0.427,1.737,1.2955,0,1,0,2,0,0,0,1,1,1.0
36,"(1.446, 2.164)","(0.427, 1.006)",1,1,11159326.035171654,1650183.3429062993,1.446,2.164,1.446,0.7180000000000002,1.8050000000000002,0,1,0,2,0,1,0,2,0,1.006,0.427,0.579,0.7165,0,1,0,2,0,0,0,1,1,1.0
37,"(0.427, 0.583)","(0.649, 1.184)",2,2,10227522.31123482,1953817.0780010582,1.184,0.583,0.427,0.15599999999999997,0.505,0,1,0,2,0,0,1,0,2,1.184,0.649,0.5349999999999999,0.9165,0,1,0,2,0,0,0,1,1,1.0
38,"(0.583, 1.184)","(1.184, 1.446)",2,2,13449191.839273788,2825219.49478953,1.446,1.184,0.583,0.601,0.8835,0,1,0,2,0,0,0,1,1,1.446,1.184,0.262,1.315,0,1,0,2,0,1,0,2,0,1.0
39,"(0.427, 0.841)","(1.006, 1.446)",2,2,16488709.194949664,4085267.3894656603,1.446,0.841,0.427,0.414,0.634,0,1,0,2,0,0,1,0,2,1.446,1.006,0.43999999999999995,1.226,0,1,0,2,0,1,0,2,0,1.0
40,"(0.427, 1.446)","(0.649, 2.164)",2,1,23191369.482696705,2651338.5357632134,0.649,1.446,0.427,1.019,0.9365,0,1,0,2,0,0,0,1,1,2.164,0.649,1.5150000000000001,1.4065,0,1,0,2,0,0,0,1,1,1.0
41,"(0.427, 2.164)","(1.184, 2.164)",2,1,38822352.51403428,3139184.8263436444,1.184,2.164,0.427,1.737,1.2955,0,1,0,2,0,0,0,1,1,2.164,1.184,0.9800000000000002,1.674,0,1,0,2,0,1,0,2,0,1.0
42,"(0.583, 0.649)","(0.649, 0.841)",2,1,28922652.62295554,2037330.9522970254,0.649,0.649,0.583,0.06600000000000006,0.616,0,1,0,2,0,0,1,0,2,0.841,0.649,0.19199999999999995,0.745,0,1,0,2,0,0,1,0,2,1.0
43,"(1.184, 2.164)","(0.427, 0.649)",1,2,48416520.49082757,4408784.180770763,2.164,2.164,1.184,0.9800000000000002,1.674,0,1,0,2,0,1,0,2,0,0.649,0.427,0.22200000000000003,0.538,0,1,0,2,0,0,1,0,2,1.0
44,"(0.649, 2.164)","(0.427, 0.841)",1,1,68097836.07034898,2861300.933320225,0.649,2.164,0.649,1.5150000000000001,1.4065,0,1,0,2,0,0,0,1,1,0.841,0.427,0.414,0.634,0,1,0,2,0,0,1,0,2,1.0
45,"(0.841, 1.006)","(0.427, 1.184)",1,2,62888351.61096728,2878468.7389201466,1.006,1.006,0.841,0.16500000000000004,0.9235,0,1,0,2,0,0,0,1,1,1.184,0.427,0.7569999999999999,0.8055,0,1,0,2,0,0,0,1,1,1.0
46,"(0.841, 1.184)","(0.427, 2.164)",1,2,63674456.006104365,3408106.9868814535,1.184,1.184,0.841,0.34299999999999997,1.0125,0,1,0,2,0,0,0,1,1,2.164,0.427,1.737,1.2955,0,1,0,2,0,0,0,1,1,1.0
47,"(0.583, 1.006)","(0.841, 1.739)",2,1,82140048.24787463,2866217.9759673025,0.841,1.006,0.583,0.42300000000000004,0.7945,0,1,0,2,0,0,0,1,1,1.739,0.841,0.8980000000000001,1.29,0,1,0,2,0,0,0,1,1,1.0
48,"(0.583, 2.164)","(1.006, 1.184)",1,2,112819356.2684558,6202495.6999932425,2.164,2.164,0.583,1.5810000000000002,1.3735,0,1,0,2,0,0,0,1,1,1.184,1.006,0.17799999999999994,1.095,0,1,0,2,0,1,0,2,0,1.0
49,"(0.427, 1.739)","(0.583, 1.446)",2,2,114455236.9343484,8968808.782190228,1.446,1.739,0.427,1.312,1.083,0,1,0,2,0,0,0,1,1,1.446,0.583,0.863,1.0145,0,1,0,2,0,0,0,1,1,1.0
50,"(0.583, 1.446)","(0.583, 1.184)",1,2,116114837.86989646,12968897.499047069,1.446,1.446,0.583,0.863,1.0145,0,1,0,2,0,0,0,1,1,1.184,0.583,0.601,0.8835,0,1,0,2,0,0,0,1,1,1.0
51,"(0.649, 0.841)","(0.649, 1.006)",2,1,96085028.33733933,8416814.476881549,0.649,0.841,0.649,0.19199999999999995,0.745,0,1,0,2,0,0,1,0,2,1.006,0.649,0.357,0.8275,0,1,0,2,0,0,0,1,1,1.0
52,"(1.006, 1.446)","(0.427, 1.446)",1,2,117800244.74157801,12170713.73357072,1.446,1.446,1.006,0.43999999999999995,1.226,0,1,0,2,0,1,0,2,0,1.446,0.427,1.019,0.9365,0,1,0,2,0,0,0,1,1,1.0
53,"(1.446, 2.164)","(0.427, 0.841)",1,2,212629441.75854832,26337424.51944704,2.164,2.164,1.446,0.7180000000000002,1.8050000000000002,0,1,0,2,0,1,0,2,0,0.841,0.427,0.414,0.634,0,1,0,2,0,0,1,0,2,1.0
54,"(0.649, 1.184)","(0.427, 0.841)",1,1,194874883.37170953,17092988.513121128,0.649,1.184,0.649,0.5349999999999999,0.9165,0,1,0,2,0,0,0,1,1,0.841,0.427,0.414,0.634,0,1,0,2,0,0,1,0,2,1.0
55,"(0.427, 2.164)","(0.841, 2.164)",2,1,292799512.26599354,14375203.339534868,0.841,2.164,0.427,1.737,1.2955,0,1,0,2,0,0,0,1,1,2.164,0.841,1.3230000000000002,1.5025,0,1,0,2,0,0,0,1,1,1.0
56,"(0.841, 1.184)","(0.427, 1.006)",1,2,296459506.16931844,17020240.754009284,1.184,1.184,0.841,0.34299999999999997,1.0125,0,1,0,2,0,0,0,1,1,1.006,0.427,0.579,0.7165,0,1,0,2,0,0,0,1,1,1.0
57,"(0.583, 0.841)","(0.583, 1.739)",2,2,344189486.6625787,29598198.671222147,1.739,0.841,0.583,0.258,0.712,0,1,0,2,0,0,1,0,2,1.739,0.583,1.1560000000000001,1.161,0,1,0,2,0,0,0,1,1,1.0
58,"(0.427, 0.649)","(1.739, 2.164)",2,2,671685783.2220224,64050501.92452473,2.164,0.649,0.427,0.22200000000000003,0.538,0,1,0,2,0,0,1,0,2,2.164,1.739,0.42500000000000004,1.9515000000000002,0,1,0,2,0,1,0,2,0,1.0
59,"(0.583, 1.739)","(0.841, 1.739)",2,1,866474660.356409,53866472.1185253,0.841,1.739,0.583,1.1560000000000001,1.161,0,1,0,2,0,0,0,1,1,1.739,0.841,0.8980000000000001,1.29,0,1,0,2,0,0,0,1,1,1.0
60,"(1.184, 1.739)","(1.184, 2.164)",2,2,1450478581.4366286,116567045.66448875,2.164,1.739,1.184,0.5550000000000002,1.4615,0,1,0,2,0,1,0,2,0,2.164,1.184,0.9800000000000002,1.674,0,1,0,2,0,1,0,2,0,1.0
61,"(1.006, 1.739)","(1.446, 1.739)",2,2,2309887140.937831,202710092.41054595,1.739,1.739,1.006,0.7330000000000001,1.3725,0,1,0,2,0,1,0,2,0,1.739,1.446,0.29300000000000015,1.5925,0,1,0,2,0,1,0,2,0,1.0
62,"(1.184, 1.739)","(0.583, 1.006)",1,2,3375900056.48064,352512850.7019394,1.739,1.739,1.184,0.5550000000000002,1.4615,0,1,0,2,0,1,0,2,0,1.006,0.583,0.42300000000000004,0.7945,0,1,0,2,0,0,0,1,1,1.0
63,"(0.583, 1.184)","(1.739, 2.164)",2,2,6588068960.22197,762837808.9189969,2.164,1.184,0.583,0.601,0.8835,0,1,0,2,0,0,0,1,1,2.164,1.739,0.42500000000000004,1.9515000000000002,0,1,0,2,0,1,0,2,0,1.0
64,"(0.649, 1.446)","(0.583, 2.164)",2,2,9048712716.864876,1650781018.5007095,2.164,1.446,0.649,0.7969999999999999,1.0474999999999999,0,1,0,2,0,0,0,1,1,2.164,0.583,1.5810000000000002,1.3735,0,1,0,2,0,0,0,1,1,1.0
65,"(0.427, 0.583)","(0.583, 0.649)",2,1,5574007033.588763,962405333.7859136,0.583,0.583,0.427,0.15599999999999997,0.505,0,1,0,2,0,0,1,0,2,0.649,0.583,0.06600000000000006,0.616,0,1,0,2,0,0,1,0,2,1.0
66,"(0.427, 1.184)","(0.583, 1.006)",2,1,4428548588.186273,561082309.5971876,0.583,1.184,0.427,0.7569999999999999,0.8055,0,1,0,2,0,0,0,1,1,1.006,0.583,0.42300000000000004,0.7945,0,1,0,2,0,0,0,1,1,1.0
67,"(0.649, 1.184)","(0.583, 1.739)",2,1,5141544910.884263,327110986.4951604,0.583,1.184,0.649,0.5349999999999999,0.9165,0,1,0,2,0,0,0,1,1,1.739,0.583,1.1560000000000001,1.161,0,1,0,2,0,0,0,1,1,1.0
68,"(1.446, 1.739)","(1.184, 2.164)",2,1,8606946180.820255,387299408.0102699,1.184,1.739,1.446,0.29300000000000015,1.5925,0,1,0,2,0,1,0,2,0,2.164,1.184,0.9800000000000002,1.674,0,1,0,2,0,1,0,2,0,1.0
69,"(0.583, 1.184)","(0.649, 0.841)",1,1,7604236950.754695,225795554.86998734,0.583,1.184,0.583,0.601,0.8835,0,1,0,2,0,0,0,1,1,0.841,0.649,0.19199999999999995,0.745,0,1,0,2,0,0,1,0,2,1.0
70,"(1.006, 2.164)","(0.841, 1.006)",1,2,12052715566.946192,488621580.73865265,2.164,2.164,1.006,1.1580000000000001,1.585,0,1,0,2,0,1,0,2,0,1.006,0.841,0.16500000000000004,0.9235,0,1,0,2,0,0,0,1,1,1.0
71,"(0.841, 1.446)","(0.427, 1.446)",1,1,13782280250.802969,410930749.40120685,0.841,1.446,0.841,0.605,1.1435,0,1,0,2,0,0,0,1,1,1.446,0.427,1.019,0.9365,0,1,0,2,0,0,0,1,1,1.0
72,"(1.006, 2.164)","(1.446, 1.739)",2,1,21948281299.40373,594205863.6341451,1.446,2.164,1.006,1.1580000000000001,1.585,0,1,0,2,0,1,0,2,0,1.739,1.446,0.29300000000000015,1.5925,0,1,0,2,0,1,0,2,0,1.0
73,"(0.427, 0.649)","(1.739, 2.164)",2,2,42832070955.786385,1285861488.9042902,2.164,0.649,0.427,0.22200000000000003,0.538,0,1,0,2,0,0,1,0,2,2.164,1.739,0.42500000000000004,1.9515000000000002,0,1,0,2,0,1,0,2,0,1.0
74,"(0.583, 1.184)","(0.583, 1.446)",2,2,43453135984.64529,1859355712.9556036,1.446,1.184,0.583,0.601,0.8835,0,1,0,2,0,0,0,1,1,1.446,0.583,0.863,1.0145,0,1,0,2,0,0,0,1,1,1.0
75,"(0.841, 1.446)","(0.583, 0.841)",1,2,49688660998.44189,2688628360.9338026,1.446,1.446,0.841,0.605,1.1435,0,1,0,2,0,0,0,1,1,0.841,0.583,0.258,0.712,0,1,0,2,0,0,1,0,2,1.0
76,"(1.006, 2.164)","(0.583, 1.739)",1,2,78756527682.5304,5818191773.060749,2.164,2.164,1.006,1.1580000000000001,1.585,0,1,0,2,0,1,0,2,0,1.739,0.583,1.1560000000000001,1.161,0,1,0,2,0,0,0,1,1,1.0
77,"(0.841, 1.184)","(0.841, 1.006)",1,1,79740984278.56203,4893099281.14409,0.841,1.184,0.841,0.34299999999999997,1.0125,0,1,0,2,0,0,0,1,1,1.006,0.841,0.16500000000000004,0.9235,0,1,0,2,0,0,0,1,1,1.0
78,"(0.583, 1.446)","(0.583, 1.006)",1,1,80897228550.60117,2852676880.907004,0.583,1.446,0.583,0.863,1.0145,0,1,0,2,0,0,0,1,1,1.006,0.583,0.42300000000000004,0.7945,0,1,0,2,0,0,0,1,1,1.0
79,"(1.739, 2.164)","(0.427, 1.446)",1,2,157870941516.4982,6173192770.282757,2.164,2.164,1.739,0.42500000000000004,1.9515000000000002,0,1,0,2,0,1,0,2,0,1.446,0.427,1.019,0.9365,0,1,0,2,0,0,0,1,1,1.0
80,"(0.649, 1.739)","(1.006, 1.184)",2,1,172868680960.56552,6210231926.904453,1.006,1.739,0.649,1.09,1.194,0,1,0,2,0,0,0,1,1,1.184,1.006,0.17799999999999994,1.095,0,1,0,2,0,1,0,2,0,1.0
81,"(1.184, 1.739)","(0.583, 0.841)",1,1,252647577223.86652,7352914601.454872,1.184,1.739,1.184,0.5550000000000002,1.4615,0,1,0,2,0,1,0,2,0,0.841,0.583,0.258,0.712,0,1,0,2,0,0,1,0,2,1.0
82,"(1.184, 1.739)","(0.649, 1.446)",1,2,369244434112.6809,12786718491.930023,1.739,1.739,1.184,0.5550000000000002,1.4615,0,1,0,2,0,1,0,2,0,1.446,0.649,0.7969999999999999,1.0474999999999999,0,1,0,2,0,0,0,1,1,1.0
83,"(0.427, 2.164)","(0.583, 2.164)",2,2,507157230253.7672,27670458816.53657,2.164,2.164,0.427,1.737,1.2955,0,1,0,2,0,0,0,1,1,2.164,0.583,1.5810000000000002,1.3735,0,1,0,2,0,0,0,1,1,1.0
84,"(1.006, 1.739)","(0.841, 1.006)",1,1,696073298523.2955,27836481569.43579,1.006,1.739,1.006,0.7330000000000001,1.3725,0,1,0,2,0,1,0,2,0,1.006,0.841,0.16500000000000004,0.9235,0,1,0,2,0,0,0,1,1,1.0
85,"(0.649, 1.006)","(1.006, 1.739)",2,1,955360602223.2231,28003500458.852406,1.006,1.006,0.649,0.357,0.8275,0,1,0,2,0,0,0,1,1,1.739,1.006,0.7330000000000001,1.3725,0,1,0,2,0,1,0,2,0,1.0
86,"(0.841, 1.006)","(0.427, 1.739)",1,1,882275516153.1466,23550943885.89487,0.841,1.006,0.841,0.16500000000000004,0.9235,0,1,0,2,0,0,0,1,1,1.739,0.427,1.312,1.083,0,1,0,2,0,0,0,1,1,1.0
87,"(0.427, 1.006)","(0.583, 0.841)",2,1,628180167501.0404,13730200285.47671,0.583,1.006,0.427,0.579,0.7165,0,1,0,2,0,0,0,1,1,0.841,0.583,0.258,0.712,0,1,0,2,0,0,1,0,2,1.0
88,"(0.427, 1.739)","(0.427, 2.164)",2,1,813807406997.5979,5862795521.898555,0.427,1.739,0.427,1.312,1.083,0,1,0,2,0,0,0,1,1,2.164,0.427,1.737,1.2955,0,1,0,2,0,0,0,1,1,1.0
89,"(0.427, 1.739)","(0.841, 2.164)",2,2,1222745629013.8909,12687089509.388474,2.164,1.739,0.427,1.312,1.083,0,1,0,2,0,0,0,1,1,2.164,0.841,1.3230000000000002,1.5025,0,1,0,2,0,0,0,1,1,1.0
90,"(1.739, 2.164)","(0.841, 1.739)",1,2,2386188095020.6084,27454861698.316658,2.164,2.164,1.739,0.42500000000000004,1.9515000000000002,0,1,0,2,0,1,0,2,0,1.739,0.841,0.8980000000000001,1.29,0,1,0,2,0,0,0,1,1,1.0
91,"(0.649, 0.841)","(0.427, 2.164)",2,1,3091306677099.198,11723225945.181213,0.427,0.841,0.649,0.19199999999999995,0.745,0,1,0,2,0,0,1,0,2,2.164,0.427,1.737,1.2955,0,1,0,2,0,0,0,1,1,1.0
92,"(0.583, 2.164)","(1.006, 1.184)",1,2,4245909720995.7485,25369060945.372147,2.164,2.164,0.583,1.5810000000000002,1.3735,0,1,0,2,0,0,0,1,1,1.184,1.006,0.17799999999999994,1.095,0,1,0,2,0,1,0,2,0,1.0
93,"(0.583, 1.184)","(0.841, 1.184)",2,1,4298983592508.1953,21335380255.057976,0.841,1.184,0.583,0.601,0.8835,0,1,0,2,0,0,0,1,1,1.184,0.841,0.34299999999999997,1.0125,0,1,0,2,0,0,0,1,1,1.0
94,"(0.427, 1.739)","(0.583, 1.006)",1,1,4655799230686.375,9110207368.909756,0.427,1.739,0.427,1.312,1.083,0,1,0,2,0,0,0,1,1,1.006,0.583,0.42300000000000004,0.7945,0,1,0,2,0,0,0,1,1,1.0
95,"(0.427, 1.446)","(1.006, 1.446)",2,2,5708009856821.496,13173359855.443506,1.446,1.446,0.427,1.019,0.9365,0,1,0,2,0,0,0,1,1,1.446,1.006,0.43999999999999995,1.226,0,1,0,2,0,1,0,2,0,1.0
96,"(0.583, 0.841)","(0.841, 1.184)",2,1,5779359980031.765,11078795638.427988,0.841,0.841,0.583,0.258,0.712,0,1,0,2,0,0,1,0,2,1.184,0.841,0.34299999999999997,1.0125,0,1,0,2,0,0,0,1,1,1.0
97,"(0.427, 2.164)","(0.649, 1.739)",2,2,6900555816157.927,19266025615.226273,1.739,2.164,0.427,1.737,1.2955,0,1,0,2,0,0,0,1,1,1.739,0.649,1.09,1.194,0,1,0,2,0,0,0,1,1,1.0
98,"(0.583, 1.006)","(0.427, 1.006)",1,1,5482491595937.473,11232092933.676916,0.583,1.006,0.583,0.42300000000000004,0.7945,0,1,0,2,0,0,0,1,1,1.006,0.427,0.579,0.7165,0,1,0,2,0,0,0,1,1,1.0
99,"(0.427, 0.583)","(0.841, 1.739)",2,2,7072414158759.34,19532609611.664158,1.739,0.583,0.427,0.15599999999999997,0.505,0,1,0,2,0,0,1,0,2,1.739,0.841,0.8980000000000001,1.29,0,1,0,2,0,0,0,1,1,1.0
100,"(0.583, 1.739)","(0.427, 1.739)",1,2,8211072838319.594,33967208114.68397,1.739,1.739,0.583,1.1560000000000001,1.161,0,1,0,2,0,0,0,1,1,1.739,0.427,1.312,1.083,0,1,0,2,0,0,0,1,1,1.0
101,"(1.446, 1.739)","(0.841, 1.006)",1,1,13076133495023.953,49116582933.83302,1.446,1.739,1.446,0.29300000000000015,1.5925,0,1,0,2,0,1,0,2,0,1.006,0.841,0.16500000000000004,0.9235,0,1,0,2,0,0,0,1,1,1.0
102,"(1.446, 2.164)","(0.427, 1.446)",1,1,23602420958518.24,71022578922.32256,1.446,2.164,1.446,0.7180000000000002,1.8050000000000002,0,1,0,2,0,1,0,2,0,1.446,0.427,1.019,0.9365,0,1,0,2,0,0,0,1,1,1.0
103,"(0.583, 1.184)","(0.841, 1.446)",2,2,26989368366065.605,102698649121.6784,1.446,1.184,0.583,0.601,0.8835,0,1,0,2,0,0,0,1,1,1.446,0.841,0.605,1.1435,0,1,0,2,0,0,0,1,1,1.0
104,"(0.583, 1.446)","(0.427, 0.583)",1,1,27380714207373.555,59873312437.93851,0.583,1.446,0.583,0.863,1.0145,0,1,0,2,0,0,0,1,1,0.583,0.427,0.15599999999999997,0.505,0,1,0,2,0,0,1,0,2,1.0
105,"(0.583, 2.164)","(0.427, 1.184)",1,2,37607410963827.58,129565848115.69894,2.164,2.164,0.583,1.5810000000000002,1.3735,0,1,0,2,0,0,0,1,1,1.184,0.427,0.7569999999999999,0.8055,0,1,0,2,0,0,0,1,1,1.0
106,"(0.841, 1.739)","(0.649, 1.006)",1,1,48513560143337.58,108964878265.30281,0.841,1.739,0.841,0.8980000000000001,1.29,0,1,0,2,0,0,0,1,1,1.006,0.649,0.357,0.8275,0,1,0,2,0,0,0,1,1,1.0
107,"(1.446, 1.739)","(0.427, 0.649)",1,2,77257844528265.1,189489923303.3616,1.739,1.739,1.446,0.29300000000000015,1.5925,0,1,0,2,0,1,0,2,0,0.649,0.427,0.22200000000000003,0.538,0,1,0,2,0,0,1,0,2,1.0
108,"(1.446, 1.739)","(0.583, 0.649)",1,1,123033117411262.16,274002429096.66086,1.446,1.739,1.446,0.29300000000000015,1.5925,0,1,0,2,0,1,0,2,0,0.649,0.583,0.06600000000000006,0.616,0,1,0,2,0,0,1,0,2,1.0
109,"(0.427, 1.006)","(1.446, 2.164)",2,1,222074776927328.22,396207512473.7716,1.446,1.006,0.427,0.579,0.7165,0,1,0,2,0,0,0,1,1,2.164,1.446,0.7180000000000002,1.8050000000000002,0,1,0,2,0,1,0,2,0,1.0
110,"(1.006, 1.184)","(0.649, 1.006)",1,1,243171880735424.4,398584757548.61426,1.006,1.184,1.006,0.17799999999999994,1.095,0,1,0,2,0,1,0,2,0,1.006,0.649,0.357,0.8275,0,1,0,2,0,0,0,1,1,1.0
111,"(0.427, 2.164)","(0.583, 0.841)",1,2,315029171492742.3,862537415335.2013,2.164,2.164,0.427,1.737,1.2955,0,1,0,2,0,0,0,1,1,0.841,0.583,0.258,0.712,0,1,0,2,0,0,1,0,2,1.0
112,"(1.006, 1.446)","(1.006, 1.739)",2,1,432377537873788.8,867712639827.2125,1.006,1.446,1.006,0.43999999999999995,1.226,0,1,0,2,0,1,0,2,0,1.739,1.006,0.7330000000000001,1.3725,0,1,0,2,0,1,0,2,0,1.0
113,"(0.649, 1.006)","(0.427, 1.739)",2,1,468264873517313.25,370513297206.2197,0.427,1.006,0.649,0.357,0.8275,0,1,0,2,0,0,0,1,1,1.739,0.427,1.312,1.083,0,1,0,2,0,0,0,1,1,1.0
114,"(0.583, 1.006)","(1.006, 1.446)",2,2,574092734932226.0,535762227760.1937,1.446,1.006,0.583,0.42300000000000004,0.7945,0,1,0,2,0,0,0,1,1,1.446,1.006,0.43999999999999995,1.226,0,1,0,2,0,1,0,2,0,1.0
115,"(0.649, 2.164)","(1.006, 1.739)",2,2,787942278694480.2,931690514074.9769,1.739,2.164,0.649,1.5150000000000001,1.4065,0,1,0,2,0,0,0,1,1,1.739,1.006,0.7330000000000001,1.3725,0,1,0,2,0,1,0,2,0,1.0
116,"(0.583, 0.841)","(0.427, 2.164)",2,1,1020779222048699.2,397831849510.01514,0.427,0.841,0.583,0.258,0.712,0,1,0,2,0,0,1,0,2,2.164,0.427,1.737,1.2955,0,1,0,2,0,0,0,1,1,1.0
117,"(0.583, 1.739)","(0.583, 0.841)",1,1,1185124676798539.8,231935968264.3388,0.583,1.739,0.583,1.1560000000000001,1.161,0,1,0,2,0,0,0,1,1,0.841,0.583,0.258,0.712,0,1,0,2,0,0,1,0,2,1.0
118,"(0.583, 1.739)","(1.446, 1.739)",2,2,1887311047801674.5,403336648811.6852,1.739,1.739,0.583,1.1560000000000001,1.161,0,1,0,2,0,0,0,1,1,1.739,1.446,0.29300000000000015,1.5925,0,1,0,2,0,1,0,2,0,1.0
119,"(0.427, 0.649)","(0.583, 1.184)",2,2,1667439310732779.2,477550592193.0352,1.184,0.649,0.427,0.22200000000000003,0.538,0,1,0,2,0,0,1,0,2,1.184,0.583,0.601,0.8835,0,1,0,2,0,0,0,1,1,1.0
120,"(0.427, 1.006)","(0.841, 1.446)",2,1,1906716851822933.0,401620048034.3426,0.841,1.006,0.427,0.579,0.7165,0,1,0,2,0,0,0,1,1,1.446,0.841,0.605,1.1435,0,1,0,2,0,0,0,1,1,1.0
121,"(0.649, 1.446)","(0.427, 2.164)",1,2,1997285902284522.0,580742589457.6594,1.446,1.446,0.649,0.7969999999999999,1.0474999999999999,0,1,0,2,0,0,0,1,1,2.164,0.427,1.737,1.2955,0,1,0,2,0,0,0,1,1,1.0
122,"(0.841, 2.164)","(0.427, 0.583)",1,1,3000922068182494.0,488404517733.89154,0.841,2.164,0.841,1.3230000000000002,1.5025,0,1,0,2,0,0,0,1,1,0.583,0.427,0.15599999999999997,0.505,0,1,0,2,0,0,1,0,2,1.0
123,"(1.184, 1.739)","(0.649, 1.184)",1,1,4385847602648715.0,578270948996.9276,1.184,1.739,1.184,0.5550000000000002,1.4615,0,1,0,2,0,1,0,2,0,1.184,0.649,0.5349999999999999,0.9165,0,1,0,2,0,0,0,1,1,1.0
124,"(1.006, 2.164)","(0.427, 2.164)",1,1,6951568450198213.0,581740574690.9092,1.006,2.164,1.006,1.1580000000000001,1.585,0,1,0,2,0,1,0,2,0,2.164,0.427,1.737,1.2955,0,1,0,2,0,0,0,1,1,1.0
125,"(0.427, 1.739)","(0.841, 1.006)",2,1,6419773463758050.0,489243823315.0546,0.841,1.739,0.427,1.312,1.083,0,1,0,2,0,0,0,1,1,1.006,0.841,0.16500000000000004,0.9235,0,1,0,2,0,0,0,1,1,1.0
126,"(0.583, 1.184)","(1.006, 2.164)",2,1,1.017534094005651e+16,492179286254.94495,1.006,1.184,0.583,0.601,0.8835,0,1,0,2,0,0,0,1,1,2.164,1.006,1.1580000000000001,1.585,0,1,0,2,0,1,0,2,0,1.0
127,"(0.649, 1.446)","(0.583, 0.841)",1,2,1.0658669634709192e+16,711691247924.6504,1.446,1.446,0.649,0.7969999999999999,1.0474999999999999,0,1,0,2,0,0,0,1,1,0.841,0.583,0.258,0.712,0,1,0,2,0,0,1,0,2,1.0
128,"(0.649, 1.184)","(0.427, 1.006)",1,1,9768670720210974.0,461887619903.09814,0.649,1.184,0.649,0.5349999999999999,0.9165,0,1,0,2,0,0,0,1,1,1.006,0.427,0.579,0.7165,0,1,0,2,0,0,0,1,1,1.0
129,"(0.583, 1.446)","(0.649, 1.739)",2,1,1.1663792839931902e+16,299765065317.1107,0.649,1.446,0.583,0.863,1.0145,0,1,0,2,0,0,0,1,1,1.739,0.649,1.09,1.194,0,1,0,2,0,0,0,1,1,1.0
130,"(0.427, 1.006)","(0.583, 1.739)",2,2,1.3541663487160938e+16,521291448586.45557,1.739,1.006,0.427,0.579,0.7165,0,1,0,2,0,0,0,1,1,1.739,0.583,1.1560000000000001,1.161,0,1,0,2,0,0,0,1,1,1.0
131,"(0.649, 1.446)","(0.841, 1.446)",2,2,1.5484892197568532e+16,753787434656.0148,1.446,1.446,0.649,0.7969999999999999,1.0474999999999999,0,1,0,2,0,0,0,1,1,1.446,0.841,0.605,1.1435,0,1,0,2,0,0,0,1,1,1.0
132,"(0.427, 0.583)","(0.427, 1.184)",2,1,1.2473080665141452e+16,321867234598.1183,0.427,0.583,0.427,0.15599999999999997,0.505,0,1,0,2,0,0,1,0,2,1.184,0.427,0.7569999999999999,0.8055,0,1,0,2,0,0,0,1,1,1.0
133,"(0.427, 1.006)","(0.583, 1.006)",2,1,9909862588454884.0,187648597770.70294,0.583,1.006,0.427,0.579,0.7165,0,1,0,2,0,0,0,1,1,1.006,0.583,0.42300000000000004,0.7945,0,1,0,2,0,0,0,1,1,1.0
134,"(0.427, 0.583)","(0.427, 0.649)",2,1,5331506072588728.0,80125951248.09015,0.427,0.583,0.427,0.15599999999999997,0.505,0,1,0,2,0,0,1,0,2,0.649,0.427,0.22200000000000003,0.538,0,1,0,2,0,0,1,0,2,1.0
135,"(1.184, 1.739)","(0.583, 0.649)",1,2,7791996125088426.0,139339029220.42877,1.739,1.739,1.184,0.5550000000000002,1.4615,0,1,0,2,0,1,0,2,0,0.649,0.583,0.06600000000000006,0.616,0,1,0,2,0,0,1,0,2,1.0
136,"(0.583, 0.649)","(1.739, 2.164)",2,2,1.5206080438110066e+16,301529659233.0079,2.164,0.649,0.583,0.06600000000000006,0.616,0,1,0,2,0,0,1,0,2,2.164,1.739,0.42500000000000004,1.9515000000000002,0,1,0,2,0,1,0,2,0,1.0
137,"(0.427, 0.583)","(1.446, 1.739)",2,1,2.421568309769028e+16,436011887250.9294,1.446,0.583,0.427,0.15599999999999997,0.505,0,1,0,2,0,0,1,0,2,1.739,1.446,0.29300000000000015,1.5925,0,1,0,2,0,1,0,2,0,1.0
138,"(1.184, 1.446)","(0.427, 1.446)",1,2,3.1843623273462716e+16,630473188964.8439,1.446,1.446,1.184,0.262,1.315,0,1,0,2,0,1,0,2,0,1.446,0.427,1.019,0.9365,0,1,0,2,0,0,0,1,1,1.0
139,"(0.427, 1.446)","(0.649, 1.006)",2,2,2.6350598258790396e+16,634256028098.6329,1.006,1.446,0.427,1.019,0.9365,0,1,0,2,0,0,0,1,1,1.006,0.649,0.357,0.8275,0,1,0,2,0,0,0,1,1,1.0
140,"(0.427, 1.184)","(0.583, 1.739)",2,1,3.0593044578455652e+16,369771264381.503,0.583,1.184,0.427,0.7569999999999999,0.8055,0,1,0,2,0,0,0,1,1,1.739,0.583,1.1560000000000001,1.161,0,1,0,2,0,0,0,1,1,1.0
141,"(0.583, 0.649)","(0.427, 1.739)",2,1,3.3132267278467468e+16,157892329890.90176,0.427,0.649,0.583,0.06600000000000006,0.616,0,1,0,2,0,0,1,0,2,1.739,0.427,1.312,1.083,0,1,0,2,0,0,0,1,1,1.0
142,"(0.427, 0.841)","(0.427, 1.184)",2,2,2.6688041292805544e+16,186944518590.82767,1.184,0.841,0.427,0.414,0.634,0,1,0,2,0,0,1,0,2,1.184,0.427,0.7569999999999999,0.8055,0,1,0,2,0,0,0,1,1,1.0
143,"(0.583, 0.841)","(0.583, 1.006)",2,2,2.1203648807134004e+16,188066185702.37262,1.006,0.841,0.583,0.258,0.712,0,1,0,2,0,0,1,0,2,1.006,0.583,0.42300000000000004,0.7945,0,1,0,2,0,0,0,1,1,1.0
144,"(0.583, 1.006)","(0.427, 1.739)",2,1,2.2963551658126124e+16,80304261294.9131,0.427,1.006,0.583,0.42300000000000004,0.7945,0,1,0,2,0,0,0,1,1,1.739,0.427,1.312,1.083,0,1,0,2,0,0,0,1,1,1.0
145,"(0.427, 1.446)","(0.427, 1.739)",2,1,2.486952644575059e+16,34289919572.927895,0.427,1.446,0.427,1.019,0.9365,0,1,0,2,0,0,0,1,1,1.739,0.427,1.312,1.083,0,1,0,2,0,0,0,1,1,1.0
146,"(0.583, 2.164)","(1.184, 1.739)",2,1,3.634681290046449e+16,40599264774.34663,1.184,2.164,0.583,1.5810000000000002,1.3735,0,1,0,2,0,0,0,1,1,1.739,1.184,0.5550000000000002,1.4615,0,1,0,2,0,1,0,2,0,1.0
147,"(0.427, 0.583)","(0.649, 1.446)",2,2,3.807328651323654e+16,58706536863.70522,1.446,0.583,0.427,0.15599999999999997,0.505,0,1,0,2,0,0,1,0,2,1.446,0.649,0.7969999999999999,1.0474999999999999,0,1,0,2,0,0,0,1,1,1.0
148,"(0.649, 2.164)","(0.841, 1.184)",1,1,5.35500774808672e+16,38100542424.54469,0.649,2.164,0.649,1.5150000000000001,1.4065,0,1,0,2,0,0,0,1,1,1.184,0.841,0.34299999999999997,1.0125,0,1,0,2,0,0,0,1,1,1.0
149,"(1.446, 1.739)","(0.583, 1.006)",1,2,8.527849838828102e+16,66256843276.283226,1.739,1.739,1.446,0.29300000000000015,1.5925,0,1,0,2,0,1,0,2,0,1.006,0.583,0.42300000000000004,0.7945,0,1,0,2,0,0,0,1,1,1.0
150,"(0.427, 2.164)","(1.006, 1.184)",2,1,9.337995573516771e+16,66654384335.940926,1.006,2.164,0.427,1.737,1.2955,0,1,0,2,0,0,0,1,1,1.184,1.006,0.17799999999999994,1.095,0,1,0,2,0,1,0,2,0,1.0
151,"(0.841, 1.006)","(0.841, 1.739)",2,2,1.2046014289836635e+17,115911974360.20128,1.739,1.006,0.841,0.16500000000000004,0.9235,0,1,0,2,0,0,0,1,1,1.739,0.841,0.8980000000000001,1.29,0,1,0,2,0,0,0,1,1,1.0
152,"(0.583, 0.841)","(0.427, 0.583)",1,2,8.576762174363683e+16,97481970436.92928,0.841,0.841,0.583,0.258,0.712,0,1,0,2,0,0,1,0,2,0.583,0.427,0.15599999999999997,0.505,0,1,0,2,0,0,1,0,2,1.0
153,"(0.583, 0.649)","(0.649, 1.446)",2,2,8.984158377645957e+16,140958929251.7997,1.446,0.649,0.583,0.06600000000000006,0.616,0,1,0,2,0,0,1,0,2,1.446,0.649,0.7969999999999999,1.0474999999999999,0,1,0,2,0,0,0,1,1,1.0
154,"(1.006, 1.184)","(0.427, 1.184)",1,2,9.837653423522323e+16,166895372234.13086,1.184,1.184,1.006,0.17799999999999994,1.095,0,1,0,2,0,1,0,2,0,1.184,0.427,0.7569999999999999,0.8055,0,1,0,2,0,0,0,1,1,1.0
155,"(0.841, 1.006)","(0.649, 1.184)",1,2,9.085072936622866e+16,167896744467.53564,1.006,1.006,0.841,0.16500000000000004,0.9235,0,1,0,2,0,0,0,1,1,1.184,0.649,0.5349999999999999,0.9165,0,1,0,2,0,0,0,1,1,1.0
156,"(1.184, 1.446)","(0.841, 1.006)",1,1,1.1946870911659067e+17,198789745449.5622,1.184,1.446,1.184,0.262,1.315,0,1,0,2,0,1,0,2,0,1.006,0.841,0.16500000000000004,0.9235,0,1,0,2,0,0,0,1,1,1.0
157,"(0.427, 0.841)","(0.649, 1.739)",2,2,1.4264563868520926e+17,345695367336.7887,1.739,0.841,0.427,0.414,0.634,0,1,0,2,0,0,1,0,2,1.739,0.649,1.09,1.194,0,1,0,2,0,0,0,1,1,1.0
158,"(0.583, 0.649)","(1.006, 1.739)",2,2,1.9578113909544973e+17,601164243798.6755,1.739,0.649,0.583,0.06600000000000006,0.616,0,1,0,2,0,0,1,0,2,1.739,1.006,0.7330000000000001,1.3725,0,1,0,2,0,1,0,2,0,1.0
159,"(0.583, 0.649)","(1.446, 1.739)",2,2,3.117814640095037e+17,1045424619965.8969,1.739,0.649,0.583,0.06600000000000006,0.616,0,1,0,2,0,0,1,0,2,1.739,1.446,0.29300000000000015,1.5925,0,1,0,2,0,1,0,2,0,1.0
160,"(0.427, 1.184)","(1.184, 1.446)",2,2,4.0999262517249734e+17,1511684000470.6868,1.446,1.184,0.427,0.7569999999999999,0.8055,0,1,0,2,0,0,0,1,1,1.446,1.184,0.262,1.315,0,1,0,2,0,1,0,2,0,1.0
161,"(0.427, 1.446)","(1.739, 2.164)",2,2,8.001006080241286e+17,3271284177018.5664,2.164,1.446,0.427,1.019,0.9365,0,1,0,2,0,0,0,1,1,2.164,1.739,0.42500000000000004,1.9515000000000002,0,1,0,2,0,1,0,2,0,1.0
162,"(0.841, 2.164)","(1.006, 1.184)",1,1,1.2021511635562532e+18,2751149992872.6143,0.841,2.164,0.841,1.3230000000000002,1.5025,0,1,0,2,0,0,0,1,1,1.184,1.006,0.17799999999999994,1.095,0,1,0,2,0,1,0,2,0,1.0
163,"(0.427, 1.446)","(1.446, 2.164)",2,2,2.1698828502190372e+18,5953488584576.338,2.164,1.446,0.427,1.019,0.9365,0,1,0,2,0,0,0,1,1,2.164,1.446,0.7180000000000002,1.8050000000000002,0,1,0,2,0,1,0,2,0,1.0
164,"(0.649, 1.006)","(0.649, 0.841)",1,2,1.7955780585562532e+18,5989209516083.796,1.006,1.006,0.649,0.357,0.8275,0,1,0,2,0,0,0,1,1,0.841,0.649,0.19199999999999995,0.745,0,1,0,2,0,0,1,0,2,1.0
165,"(0.841, 1.739)","(0.583, 1.184)",1,2,2.3162956955375667e+18,10415235348469.72,1.739,1.739,0.841,0.8980000000000001,1.29,0,1,0,2,0,0,0,1,1,1.184,0.583,0.601,0.8835,0,1,0,2,0,0,0,1,1,1.0
166,"(1.006, 2.164)","(0.649, 0.841)",1,2,3.6713286774270433e+18,22538569294088.477,2.164,2.164,1.006,1.1580000000000001,1.585,0,1,0,2,0,1,0,2,0,0.841,0.649,0.19199999999999995,0.745,0,1,0,2,0,0,1,0,2,1.0
167,"(0.427, 2.164)","(0.427, 1.739)",1,2,4.756206301606735e+18,48773463952407.47,2.164,2.164,0.427,1.737,1.2955,0,1,0,2,0,0,0,1,1,1.739,0.427,1.312,1.083,0,1,0,2,0,0,0,1,1,1.0
168,"(1.006, 1.184)","(1.446, 1.739)",2,1,7.574258535308725e+18,70526428875181.2,1.446,1.184,1.006,0.17799999999999994,1.095,0,1,0,2,0,1,0,2,0,1.739,1.446,0.29300000000000015,1.5925,0,1,0,2,0,1,0,2,0,1.0
169,"(1.446, 2.164)","(1.184, 1.446)",1,1,1.367153665623225e+19,101981216153512.02,1.446,2.164,1.446,0.7180000000000002,1.8050000000000002,0,1,0,2,0,1,0,2,0,1.446,1.184,0.262,1.315,0,1,0,2,0,1,0,2,0,1.0
170,"(0.649, 1.739)","(0.427, 2.164)",1,1,1.6323814767541305e+19,66185809283629.3,0.649,1.739,0.649,1.09,1.194,0,1,0,2,0,0,0,1,1,2.164,0.427,1.737,1.2955,0,1,0,2,0,0,0,1,1,1.0
171,"(0.649, 1.006)","(0.583, 2.164)",2,2,2.2420759583217983e+19,143226091289773.8,2.164,1.006,0.649,0.357,0.8275,0,1,0,2,0,0,0,1,1,2.164,0.583,1.5810000000000002,1.3735,0,1,0,2,0,0,0,1,1,1.0
172,"(1.446, 2.164)","(0.427, 2.164)",1,2,4.046947104770847e+19,309941261551070.56,2.164,2.164,1.446,0.7180000000000002,1.8050000000000002,0,1,0,2,0,1,0,2,0,2.164,0.427,1.737,1.2955,0,1,0,2,0,0,0,1,1,1.0
173,"(0.427, 1.184)","(1.184, 1.739)",2,2,5.914613193622593e+19,538987853837311.75,1.739,1.184,0.427,0.7569999999999999,0.8055,0,1,0,2,0,0,0,1,1,1.739,1.184,0.5550000000000002,1.4615,0,1,0,2,0,1,0,2,0,1.0
174,"(0.649, 0.841)","(0.583, 1.184)",2,1,5.2255607565655605e+19,314229918787152.75,0.583,0.841,0.649,0.19199999999999995,0.745,0,1,0,2,0,0,1,0,2,1.184,0.583,0.601,0.8835,0,1,0,2,0,0,0,1,1,1.0
175,"(0.583, 1.739)","(0.841, 1.184)",1,2,6.066876038372616e+19,546445828770858.7,1.739,1.739,0.583,1.1560000000000001,1.161,0,1,0,2,0,0,0,1,1,1.184,0.841,0.34299999999999997,1.0125,0,1,0,2,0,0,0,1,1,1.0
176,"(0.583, 1.006)","(1.184, 1.739)",2,2,8.866739330081577e+19,950269296232523.4,1.739,1.006,0.583,0.42300000000000004,0.7945,0,1,0,2,0,0,0,1,1,1.739,1.184,0.5550000000000002,1.4615,0,1,0,2,0,1,0,2,0,1.0
177,"(0.583, 0.841)","(0.427, 1.446)",2,2,8.303701382621397e+19,1374089402352228.8,1.446,0.841,0.583,0.258,0.712,0,1,0,2,0,0,1,0,2,1.446,0.427,1.019,0.9365,0,1,0,2,0,0,0,1,1,1.0
178,"(1.006, 1.184)","(1.446, 2.164)",2,1,1.4988180995631622e+20,1986933275801322.8,1.446,1.184,1.006,0.17799999999999994,1.095,0,1,0,2,0,1,0,2,0,2.164,1.446,0.7180000000000002,1.8050000000000002,0,1,0,2,0,1,0,2,0,1.0
179,"(1.006, 2.164)","(0.427, 1.006)",1,2,2.375626687807612e+20,4299723608834062.5,2.164,2.164,1.006,1.1580000000000001,1.585,0,1,0,2,0,1,0,2,0,1.006,0.427,0.579,0.7165,0,1,0,2,0,0,0,1,1,1.0
180,"(0.841, 1.446)","(0.427, 1.446)",1,2,2.716529117508004e+20,6217400338374054.0,1.446,1.446,0.841,0.605,1.1435,0,1,0,2,0,0,0,1,1,1.446,0.427,1.019,0.9365,0,1,0,2,0,0,0,1,1,1.0
181,"(0.583, 1.006)","(1.184, 1.446)",2,2,3.572235789523025e+20,8990360889288882.0,1.446,1.006,0.583,0.42300000000000004,0.7945,0,1,0,2,0,0,0,1,1,1.446,1.184,0.262,1.315,0,1,0,2,0,1,0,2,0,1.0
182,"(1.006, 2.164)","(0.583, 0.841)",1,1,5.661993726393995e+20,9044303054624616.0,1.006,2.164,1.006,1.1580000000000001,1.585,0,1,0,2,0,1,0,2,0,0.841,0.583,0.258,0.712,0,1,0,2,0,0,1,0,2,1.0
183,"(0.649, 1.184)","(0.427, 0.649)",1,2,5.1892172502400965e+20,1.0708454816675544e+16,1.184,1.184,0.649,0.5349999999999999,0.9165,0,1,0,2,0,0,0,1,1,0.649,0.427,0.22200000000000003,0.538,0,1,0,2,0,0,1,0,2,1.0
184,"(0.841, 1.184)","(0.583, 1.739)",2,2,6.024681227528752e+20,1.8622002926198772e+16,1.739,1.184,0.841,0.34299999999999997,1.0125,0,1,0,2,0,0,0,1,1,1.739,0.583,1.1560000000000001,1.161,0,1,0,2,0,0,0,1,1,1.0
185,"(0.427, 1.184)","(0.649, 2.164)",2,2,8.47371414651919e+20,4.029801433229414e+16,2.164,1.184,0.427,0.7569999999999999,0.8055,0,1,0,2,0,0,0,1,1,2.164,0.649,1.5150000000000001,1.4065,0,1,0,2,0,0,0,1,1,1.0
186,"(1.006, 1.739)","(0.583, 1.006)",1,1,1.1630172666097589e+21,4.053980241828791e+16,1.006,1.739,1.006,0.7330000000000001,1.3725,0,1,0,2,0,1,0,2,0,1.006,0.583,0.42300000000000004,0.7945,0,1,0,2,0,0,0,1,1,1.0
187,"(0.583, 0.649)","(0.583, 0.841)",2,1,8.280682938261483e+20,2.3634704809861852e+16,0.583,0.649,0.583,0.06600000000000006,0.616,0,1,0,2,0,0,1,0,2,0.841,0.583,0.258,0.712,0,1,0,2,0,0,1,0,2,1.0
188,"(0.427, 0.649)","(1.006, 1.739)",2,1,1.1365237332763886e+21,2.3776513038721024e+16,1.006,0.649,0.427,0.22200000000000003,0.538,0,1,0,2,0,0,1,0,2,1.739,1.006,0.7330000000000001,1.3725,0,1,0,2,0,1,0,2,0,1.0
189,"(0.427, 1.446)","(0.841, 1.739)",2,2,1.4661156159265414e+21,4.1347356174335864e+16,1.739,1.446,0.427,1.019,0.9365,0,1,0,2,0,0,0,1,1,1.739,0.841,0.8980000000000001,1.29,0,1,0,2,0,0,0,1,1,1.0
190,"(0.841, 1.446)","(0.649, 1.446)",1,2,1.676503206812e+21,5.9788277028089656e+16,1.446,1.446,0.841,0.605,1.1435,0,1,0,2,0,0,0,1,1,1.446,0.649,0.7969999999999999,1.0474999999999999,0,1,0,2,0,0,0,1,1,1.0
191,"(1.184, 1.446)","(0.583, 2.164)",1,2,2.2046017169577799e+21,8.645384858261763e+16,1.446,1.446,1.184,0.262,1.315,0,1,0,2,0,1,0,2,0,2.164,0.583,1.5810000000000002,1.3735,0,1,0,2,0,0,0,1,1,1.0
192,"(0.427, 1.446)","(1.184, 2.164)",2,1,3.6905032741873233e+21,1.0236135672181926e+17,1.184,1.446,0.427,1.019,0.9365,0,1,0,2,0,0,0,1,1,2.164,1.184,0.9800000000000002,1.674,0,1,0,2,0,1,0,2,0,1.0
193,"(0.841, 1.006)","(0.583, 2.164)",2,1,5.068906247096288e+21,5.967667096882062e+16,0.583,1.006,0.841,0.16500000000000004,0.9235,0,1,0,2,0,0,0,1,1,2.164,0.583,1.5810000000000002,1.3735,0,1,0,2,0,0,0,1,1,1.0
194,"(1.184, 1.446)","(1.006, 2.164)",2,2,8.034216401647617e+21,1.2914031597652784e+17,2.164,1.446,1.184,0.262,1.315,0,1,0,2,0,1,0,2,0,2.164,1.006,1.1580000000000001,1.585,0,1,0,2,0,1,0,2,0,1.0
195,"(0.583, 1.739)","(0.841, 1.739)",2,1,1.0364139158125427e+22,1.086070057362599e+17,0.841,1.739,0.583,1.1560000000000001,1.161,0,1,0,2,0,0,0,1,1,1.739,0.841,0.8980000000000001,1.29,0,1,0,2,0,0,0,1,1,1.0
196,"(0.427, 2.164)","(0.427, 1.446)",1,2,1.342674227935149e+22,2.3502556041326646e+17,2.164,2.164,0.427,1.737,1.2955,0,1,0,2,0,0,0,1,1,1.446,0.427,1.019,0.9365,0,1,0,2,0,0,0,1,1,1.0
197,"(0.427, 0.841)","(0.583, 1.184)",2,2,1.1862526803807041e+22,2.782702635293075e+17,1.184,0.841,0.427,0.414,0.634,0,1,0,2,0,0,1,0,2,1.184,0.583,0.601,0.8835,0,1,0,2,0,0,0,1,1,1.0
198,"(0.427, 1.739)","(0.427, 2.164)",2,2,1.5367903474332023e+22,6.021768502774214e+17,2.164,1.739,0.427,1.312,1.083,0,1,0,2,0,0,0,1,1,2.164,0.427,1.737,1.2955,0,1,0,2,0,0,0,1,1,1.0
199,"(0.649, 1.006)","(0.427, 0.649)",1,1,1.271694012500975e+22,3.908127758300465e+17,0.649,1.006,0.649,0.357,0.8275,0,1,0,2,0,0,0,1,1,0.649,0.427,0.22200000000000003,0.538,0,1,0,2,0,0,1,0,2,1.0
200,"(0.427, 0.583)","(0.649, 2.164)",2,2,1.7886376285826212e+22,8.457188468962208e+17,2.164,0.583,0.427,0.15599999999999997,0.505,0,1,0,2,0,0,1,0,2,2.164,0.649,1.5150000000000001,1.4065,0,1,0,2,0,0,0,1,1,1.0
201,"(0.649, 1.446)","(0.427, 0.583)",1,2,1.8735979159402955e+22,1.2229094526119352e+18,1.446,1.446,0.649,0.7969999999999999,1.0474999999999999,0,1,0,2,0,0,0,1,1,0.583,0.427,0.15599999999999997,0.505,0,1,0,2,0,0,1,0,2,1.0
202,"(0.427, 0.841)","(0.649, 1.006)",2,1,1.5504022754405946e+22,7.93668234745146e+17,0.649,0.841,0.427,0.414,0.634,0,1,0,2,0,0,1,0,2,1.006,0.649,0.357,0.8275,0,1,0,2,0,0,0,1,1,1.0
203,"(0.583, 1.446)","(0.427, 1.184)",1,2,1.5728831084344832e+22,1.1476442674414811e+18,1.446,1.446,0.583,0.863,1.0145,0,1,0,2,0,0,0,1,1,1.184,0.427,0.7569999999999999,0.8055,0,1,0,2,0,0,0,1,1,1.0
204,"(1.739, 2.164)","(0.427, 1.006)",1,2,3.0694813861098946e+22,2.483502194743365e+18,2.164,2.164,1.739,0.42500000000000004,1.9515000000000002,0,1,0,2,0,1,0,2,0,1.006,0.427,0.579,0.7165,0,1,0,2,0,0,0,1,1,1.0
205,"(0.649, 1.446)","(0.841, 2.164)",2,1,4.611895782630117e+22,2.08862534577917e+18,0.841,1.446,0.649,0.7969999999999999,1.0474999999999999,0,1,0,2,0,0,0,1,1,2.164,0.841,1.3230000000000002,1.5025,0,1,0,2,0,0,0,1,1,1.0
206,"(0.427, 1.739)","(1.006, 1.739)",2,2,6.329826961659836e+22,3.632119476309977e+18,1.739,1.739,0.427,1.312,1.083,0,1,0,2,0,0,0,1,1,1.739,1.006,0.7330000000000001,1.3725,0,1,0,2,0,1,0,2,0,1.0
207,"(0.649, 1.006)","(0.649, 2.164)",2,2,8.90290162157456e+22,7.859906546734791e+18,2.164,1.006,0.649,0.357,0.8275,0,1,0,2,0,0,0,1,1,2.164,0.649,1.5150000000000001,1.4065,0,1,0,2,0,0,0,1,1,1.0
208,"(0.841, 1.739)","(0.649, 1.184)",1,1,1.1484743091831183e+23,6.610181405803958e+18,0.841,1.739,0.841,0.8980000000000001,1.29,0,1,0,2,0,0,0,1,1,1.184,0.649,0.5349999999999999,0.9165,0,1,0,2,0,0,0,1,1,1.0
209,"(0.841, 1.739)","(0.649, 1.446)",1,1,1.4815318588462227e+23,5.559162562281129e+18,0.841,1.739,0.841,0.8980000000000001,1.29,0,1,0,2,0,0,0,1,1,1.446,0.649,0.7969999999999999,1.0474999999999999,0,1,0,2,0,0,0,1,1,1.0
210,"(1.006, 1.184)","(0.583, 1.739)",1,1,1.6222773854366137e+23,5.592517537654816e+18,1.006,1.184,1.006,0.17799999999999994,1.095,0,1,0,2,0,1,0,2,0,1.739,0.583,1.1560000000000001,1.161,0,1,0,2,0,0,0,1,1,1.0
211,"(0.841, 2.164)","(1.184, 1.739)",2,2,2.3709583988156108e+23,9.725387997981725e+18,1.739,2.164,0.841,1.3230000000000002,1.5025,0,1,0,2,0,0,0,1,1,1.739,1.184,0.5550000000000002,1.4615,0,1,0,2,0,1,0,2,0,1.0
212,"(0.649, 1.446)","(0.841, 2.164)",2,2,3.5623649942204554e+23,2.104573962763245e+19,2.164,1.446,0.649,0.7969999999999999,1.0474999999999999,0,1,0,2,0,0,0,1,1,2.164,0.841,1.3230000000000002,1.5025,0,1,0,2,0,0,0,1,1,1.0
213,"(0.427, 0.583)","(0.427, 0.649)",2,2,1.916552366890605e+23,1.3658685018333463e+19,0.649,0.583,0.427,0.15599999999999997,0.505,0,1,0,2,0,0,1,0,2,0.649,0.427,0.22200000000000003,0.538,0,1,0,2,0,0,1,0,2,1.0
214,"(0.427, 2.164)","(1.006, 1.446)",2,1,2.349693201807882e+23,1.3740637128443464e+19,1.006,2.164,0.427,1.737,1.2955,0,1,0,2,0,0,0,1,1,1.446,1.006,0.43999999999999995,1.226,0,1,0,2,0,1,0,2,0,1.0
215,"(0.583, 0.649)","(0.649, 1.739)",2,2,2.8055336829586108e+23,2.3894967966363185e+19,1.739,0.649,0.583,0.06600000000000006,0.616,0,1,0,2,0,0,1,0,2,1.739,0.649,1.09,1.194,0,1,0,2,0,0,0,1,1,1.0
216,"(1.184, 1.739)","(1.184, 1.446)",1,2,4.10028747764401e+23,4.1553349293505585e+19,1.739,1.739,1.184,0.5550000000000002,1.4615,0,1,0,2,0,1,0,2,0,1.446,1.184,0.262,1.315,0,1,0,2,0,1,0,2,0,1.0
217,"(1.184, 2.164)","(0.649, 1.006)",1,2,6.863881237576073e+23,8.99214478711461e+19,2.164,2.164,1.184,0.9800000000000002,1.674,0,1,0,2,0,1,0,2,0,1.006,0.649,0.357,0.8275,0,1,0,2,0,0,0,1,1,1.0
218,"(0.841, 1.006)","(0.427, 0.841)",1,2,6.338794322901503e+23,9.046097655837298e+19,1.006,1.006,0.841,0.16500000000000004,0.9235,0,1,0,2,0,0,0,1,1,0.841,0.427,0.414,0.634,0,1,0,2,0,0,1,0,2,1.0
219,"(0.583, 0.841)","(0.649, 2.164)",2,1,8.915514215160964e+23,5.8709173786384065e+19,0.649,0.841,0.583,0.258,0.712,0,1,0,2,0,0,1,0,2,2.164,0.649,1.5150000000000001,1.4065,0,1,0,2,0,0,0,1,1,1.0
220,"(0.649, 2.164)","(1.006, 2.164)",2,1,1.4131090031030127e+24,5.906142882910237e+19,1.006,2.164,0.649,1.5150000000000001,1.4065,0,1,0,2,0,0,0,1,1,2.164,1.006,1.1580000000000001,1.585,0,1,0,2,0,1,0,2,0,1.0
221,"(0.649, 1.446)","(0.427, 0.649)",1,2,1.4802316807504056e+24,8.540282608688202e+19,1.446,1.446,0.649,0.7969999999999999,1.0474999999999999,0,1,0,2,0,0,0,1,1,0.649,0.427,0.22200000000000003,0.538,0,1,0,2,0,0,1,0,2,1.0
222,"(0.427, 0.583)","(1.006, 1.739)",2,2,2.0316179818299318e+24,1.4851551456508782e+20,1.739,0.583,0.427,0.15599999999999997,0.505,0,1,0,2,0,0,1,0,2,1.739,1.006,0.7330000000000001,1.3725,0,1,0,2,0,1,0,2,0,1.0
223,"(0.583, 1.006)","(0.427, 0.841)",1,1,1.6141204865638807e+24,8.658454499144619e+19,0.583,1.006,0.583,0.42300000000000004,0.7945,0,1,0,2,0,0,0,1,1,0.841,0.427,0.414,0.634,0,1,0,2,0,0,1,0,2,1.0
224,"(1.184, 2.164)","(0.649, 1.739)",1,2,2.702037694507936e+24,1.8736895536148955e+20,2.164,2.164,1.184,0.9800000000000002,1.674,0,1,0,2,0,1,0,2,0,1.739,0.649,1.09,1.194,0,1,0,2,0,0,0,1,1,1.0
225,"(0.841, 1.184)","(0.841, 1.446)",2,1,3.089780103669825e+24,1.5757729145901272e+20,0.841,1.184,0.841,0.34299999999999997,1.0125,0,1,0,2,0,0,0,1,1,1.446,0.841,0.605,1.1435,0,1,0,2,0,0,0,1,1,1.0
226,"(0.583, 2.164)","(0.649, 1.184)",1,1,4.243812972390504e+24,9.186756092060441e+19,0.583,2.164,0.583,1.5810000000000002,1.3735,0,1,0,2,0,0,0,1,1,1.184,0.649,0.5349999999999999,0.9165,0,1,0,2,0,0,0,1,1,1.0
227,"(0.583, 1.184)","(0.649, 1.006)",1,2,3.7494087611070103e+24,1.0877119212999562e+20,1.184,1.184,0.583,0.601,0.8835,0,1,0,2,0,0,0,1,1,1.006,0.649,0.357,0.8275,0,1,0,2,0,0,0,1,1,1.0
228,"(1.006, 1.184)","(1.006, 1.739)",2,2,5.146063524619372e+24,1.891531031140624e+20,1.739,1.184,1.006,0.17799999999999994,1.095,0,1,0,2,0,1,0,2,0,1.739,1.006,0.7330000000000001,1.3725,0,1,0,2,0,1,0,2,0,1.0
229,"(1.006, 2.164)","(0.841, 1.006)",1,1,8.156510686521703e+24,1.902880217327468e+20,1.006,2.164,1.006,1.1580000000000001,1.585,0,1,0,2,0,1,0,2,0,1.006,0.841,0.16500000000000004,0.9235,0,1,0,2,0,0,0,1,1,1.0
230,"(0.427, 1.446)","(1.006, 1.739)",2,2,1.1194810917251039e+25,3.309108697932467e+20,1.739,1.446,0.427,1.019,0.9365,0,1,0,2,0,0,0,1,1,1.739,1.006,0.7330000000000001,1.3725,0,1,0,2,0,1,0,2,0,1.0
231,"(0.649, 1.006)","(0.583, 1.184)",2,2,9.890615445391292e+24,3.917984698352041e+20,1.184,1.006,0.649,0.357,0.8275,0,1,0,2,0,0,0,1,1,1.184,0.583,0.601,0.8835,0,1,0,2,0,0,0,1,1,1.0
232,"(0.427, 2.164)","(1.006, 1.184)",2,2,1.0830223912703465e+25,4.638893882848816e+20,1.184,2.164,0.427,1.737,1.2955,0,1,0,2,0,0,0,1,1,1.184,1.006,0.17799999999999994,1.095,0,1,0,2,0,1,0,2,0,1.0
233,"(1.006, 1.184)","(1.006, 1.446)",2,1,1.3277854516974448e+25,4.666727246145909e+20,1.006,1.184,1.006,0.17799999999999994,1.095,0,1,0,2,0,1,0,2,0,1.446,1.006,0.43999999999999995,1.226,0,1,0,2,0,1,0,2,0,1.0
234,"(1.184, 2.164)","(1.006, 1.446)",1,1,2.2227128461415226e+25,5.525405059436756e+20,1.184,2.164,1.184,0.9800000000000002,1.674,0,1,0,2,0,1,0,2,0,1.446,1.006,0.43999999999999995,1.226,0,1,0,2,0,1,0,2,0,1.0
235,"(1.006, 1.739)","(0.583, 1.739)",1,2,3.05067338132924e+25,9.608679398360518e+20,1.739,1.739,1.006,0.7330000000000001,1.3725,0,1,0,2,0,1,0,2,0,1.739,0.583,1.1560000000000001,1.161,0,1,0,2,0,0,0,1,1,1.0
236,"(0.649, 1.184)","(0.583, 1.006)",1,1,2.795942153988248e+25,6.236032929535977e+20,0.649,1.184,0.649,0.5349999999999999,0.9165,0,1,0,2,0,0,0,1,1,1.006,0.583,0.42300000000000004,0.7945,0,1,0,2,0,0,0,1,1,1.0
237,"(0.583, 1.739)","(0.583, 0.649)",1,2,3.2460888407803564e+25,1.0844461264463065e+21,1.739,1.739,0.583,1.1560000000000001,1.161,0,1,0,2,0,0,0,1,1,0.649,0.583,0.06600000000000006,0.616,0,1,0,2,0,0,1,0,2,1.0
238,"(0.649, 2.164)","(1.739, 2.164)",2,2,6.334742372782866e+25,2.3467414176298075e+21,2.164,2.164,0.649,1.5150000000000001,1.4065,0,1,0,2,0,0,0,1,1,2.164,1.739,0.42500000000000004,1.9515000000000002,0,1,0,2,0,1,0,2,0,1.0
239,"(1.446, 1.739)","(0.583, 1.446)",1,2,1.0088077228656714e+26,4.080983325258236e+21,1.739,1.739,1.446,0.29300000000000015,1.5925,0,1,0,2,0,1,0,2,0,1.446,0.583,0.863,1.0145,0,1,0,2,0,0,0,1,1,1.0
240,"(0.427, 0.841)","(1.739, 2.164)",2,1,1.968688271172358e+26,7.096830002624073e+21,1.739,0.841,0.427,0.414,0.634,0,1,0,2,0,0,1,0,2,2.164,1.739,0.42500000000000004,1.9515000000000002,0,1,0,2,0,1,0,2,0,1.0
241,"(0.649, 0.841)","(0.427, 0.583)",1,1,1.4666727620234066e+26,4.6058426717030234e+21,0.649,0.841,0.649,0.19199999999999995,0.745,0,1,0,2,0,0,1,0,2,0.583,0.427,0.15599999999999997,0.505,0,1,0,2,0,0,1,0,2,1.0
242,"(0.427, 0.583)","(0.427, 1.739)",2,2,1.588406601271349e+26,8.009560406091558e+21,1.739,0.583,0.427,0.15599999999999997,0.505,0,1,0,2,0,0,1,0,2,1.739,0.427,1.312,1.083,0,1,0,2,0,0,0,1,1,1.0
243,"(0.583, 1.184)","(1.446, 2.164)",2,1,2.8670739152947857e+26,1.1581824347208392e+22,1.446,1.184,0.583,0.601,0.8835,0,1,0,2,0,0,0,1,1,2.164,1.446,0.7180000000000002,1.8050000000000002,0,1,0,2,0,1,0,2,0,1.0
244,"(0.649, 1.184)","(0.649, 1.006)",1,2,2.627673243367671e+26,1.3712880027094735e+22,1.184,1.184,0.649,0.5349999999999999,0.9165,0,1,0,2,0,0,0,1,1,1.006,0.649,0.357,0.8275,0,1,0,2,0,0,0,1,1,1.0
245,"(0.427, 0.649)","(0.649, 0.841)",2,2,1.957616566308915e+26,1.1532532102786672e+22,0.841,0.649,0.427,0.22200000000000003,0.538,0,1,0,2,0,0,1,0,2,0.841,0.649,0.19199999999999995,0.745,0,1,0,2,0,0,1,0,2,1.0
246,"(0.649, 1.446)","(0.583, 0.841)",1,2,2.0506033532085882e+26,1.6676041420629527e+22,1.446,1.446,0.649,0.7969999999999999,1.0474999999999999,0,1,0,2,0,0,0,1,1,0.841,0.583,0.258,0.712,0,1,0,2,0,0,1,0,2,1.0
247,"(0.583, 0.841)","(0.583, 2.164)",2,1,2.816503705631996e+26,9.722132148227014e+21,0.583,0.841,0.583,0.258,0.712,0,1,0,2,0,0,1,0,2,2.164,0.583,1.5810000000000002,1.3735,0,1,0,2,0,0,0,1,1,1.0
248,"(0.427, 0.583)","(0.427, 1.446)",2,2,2.6376557203243643e+26,1.4058203086336261e+22,1.446,0.583,0.427,0.15599999999999997,0.505,0,1,0,2,0,0,1,0,2,1.446,0.427,1.019,0.9365,0,1,0,2,0,0,0,1,1,1.0
249,"(1.006, 1.739)","(0.649, 2.164)",1,1,3.62018247614519e+26,1.414255230485428e+22,1.006,1.739,1.006,0.7330000000000001,1.3725,0,1,0,2,0,1,0,2,0,2.164,0.649,1.5150000000000001,1.4065,0,1,0,2,0,0,0,1,1,1.0
250,"(1.184, 2.164)","(0.841, 1.446)",1,1,6.060185465067048e+26,1.6744781928947465e+22,1.184,2.164,1.184,0.9800000000000002,1.674,0,1,0,2,0,1,0,2,0,1.446,0.841,0.605,1.1435,0,1,0,2,0,0,0,1,1,1.0
251,"(0.583, 1.739)","(0.649, 1.739)",2,2,7.235861445290056e+26,2.9119175774439645e+22,1.739,1.739,0.583,1.1560000000000001,1.161,0,1,0,2,0,0,0,1,1,1.739,0.649,1.09,1.194,0,1,0,2,0,0,0,1,1,1.0
252,"(0.649, 0.841)","(0.583, 1.739)",2,2,8.400835137981755e+26,5.063824667175055e+22,1.739,0.841,0.649,0.19199999999999995,0.745,0,1,0,2,0,0,1,0,2,1.739,0.583,1.1560000000000001,1.161,0,1,0,2,0,0,0,1,1,1.0
253,"(0.583, 1.446)","(0.583, 0.841)",1,1,8.52264724748249e+26,2.9522097809630565e+22,0.583,1.446,0.583,0.863,1.0145,0,1,0,2,0,0,0,1,1,0.841,0.583,0.258,0.712,0,1,0,2,0,0,1,0,2,1.0
254,"(0.427, 0.583)","(1.446, 2.164)",2,2,1.5383378281705896e+27,6.388581966004055e+22,2.164,0.583,0.427,0.15599999999999997,0.505,0,1,0,2,0,0,1,0,2,2.164,1.446,0.7180000000000002,1.8050000000000002,0,1,0,2,0,1,0,2,0,1.0
255,"(0.649, 0.841)","(0.841, 1.006)",2,2,1.4206549843155393e+27,6.4269134578000794e+22,1.006,0.841,0.649,0.19199999999999995,0.745,0,1,0,2,0,0,1,0,2,1.006,0.841,0.16500000000000004,0.9235,0,1,0,2,0,0,0,1,1,1.0
256,"(0.649, 1.006)","(0.649, 1.446)",2,2,1.4881360960705274e+27,9.293316859978914e+22,1.446,1.006,0.649,0.357,0.8275,0,1,0,2,0,0,0,1,1,1.446,0.649,0.7969999999999999,1.0474999999999999,0,1,0,2,0,0,0,1,1,1.0
257,"(0.427, 0.583)","(0.427, 2.164)",2,1,1.9278803124593684e+27,3.968246299210996e+22,0.427,0.583,0.427,0.15599999999999997,0.505,0,1,0,2,0,0,1,0,2,2.164,0.427,1.737,1.2955,0,1,0,2,0,0,0,1,1,1.0
258,"(1.006, 1.184)","(1.446, 1.739)",2,2,3.0701493975915444e+27,6.900780314327923e+22,1.739,1.184,1.006,0.17799999999999994,1.095,0,1,0,2,0,1,0,2,0,1.739,1.446,0.29300000000000015,1.5925,0,1,0,2,0,1,0,2,0,1.0
259,"(1.006, 1.446)","(1.446, 2.164)",2,2,5.541619662652738e+27,1.4933288600205625e+23,2.164,1.446,1.006,0.43999999999999995,1.226,0,1,0,2,0,1,0,2,0,2.164,1.446,0.7180000000000002,1.8050000000000002,0,1,0,2,0,1,0,2,0,1.0
260,"(1.184, 1.446)","(0.427, 1.184)",1,1,7.28722985638835e+27,1.768101370264346e+23,1.184,1.446,1.184,0.262,1.315,0,1,0,2,0,1,0,2,0,1.184,0.427,0.7569999999999999,0.8055,0,1,0,2,0,0,0,1,1,1.0
261,"(1.184, 2.164)","(0.841, 2.164)",1,1,1.2198822779594098e+28,2.0934320223929856e+23,1.184,2.164,1.184,0.9800000000000002,1.674,0,1,0,2,0,1,0,2,0,2.164,0.841,1.3230000000000002,1.5025,0,1,0,2,0,0,0,1,1,1.0
262,"(1.184, 1.739)","(0.649, 1.006)",1,1,1.7828579492376776e+28,2.4786235145132947e+23,1.184,1.739,1.184,0.5550000000000002,1.4615,0,1,0,2,0,1,0,2,0,1.006,0.649,0.357,0.8275,0,1,0,2,0,0,0,1,1,1.0
263,"(0.649, 1.446)","(0.583, 0.649)",1,2,1.867543701826467e+28,3.584089601986224e+23,1.446,1.446,0.649,0.7969999999999999,1.0474999999999999,0,1,0,2,0,0,0,1,1,0.649,0.583,0.06600000000000006,0.616,0,1,0,2,0,0,1,0,2,1.0
264,"(0.583, 1.739)","(1.006, 1.739)",2,2,2.563203730756826e+28,6.232731817854044e+23,1.739,1.739,0.583,1.1560000000000001,1.161,0,1,0,2,0,0,0,1,1,1.739,1.006,0.7330000000000001,1.3725,0,1,0,2,0,1,0,2,0,1.0
265,"(0.649, 1.739)","(0.841, 1.739)",2,1,3.3065328126763054e+28,5.241727458815251e+23,0.841,1.739,0.649,1.09,1.194,0,1,0,2,0,0,0,1,1,1.739,0.841,0.8980000000000001,1.29,0,1,0,2,0,0,0,1,1,1.0
266,"(1.006, 1.739)","(0.583, 0.649)",1,1,4.538216285398229e+28,5.2731778235681426e+23,1.006,1.739,1.006,0.7330000000000001,1.3725,0,1,0,2,0,1,0,2,0,0.649,0.583,0.06600000000000006,0.616,0,1,0,2,0,0,1,0,2,1.0
267,"(0.649, 1.446)","(0.841, 1.006)",1,2,4.753781558954645e+28,7.625015132879534e+23,1.446,1.446,0.649,0.7969999999999999,1.0474999999999999,0,1,0,2,0,0,0,1,1,1.006,0.841,0.16500000000000004,0.9235,0,1,0,2,0,0,0,1,1,1.0
268,"(0.427, 1.446)","(0.649, 1.446)",2,2,4.97958618300499e+28,1.1025771882143805e+24,1.446,1.446,0.427,1.019,0.9365,0,1,0,2,0,0,0,1,1,1.446,0.649,0.7969999999999999,1.0474999999999999,0,1,0,2,0,0,0,1,1,1.0
269,"(1.184, 1.446)","(0.583, 0.841)",1,2,6.548155830651562e+28,1.5943266141579942e+24,1.446,1.446,1.184,0.262,1.315,0,1,0,2,0,1,0,2,0,0.841,0.583,0.258,0.712,0,1,0,2,0,0,1,0,2,1.0
270,"(0.583, 1.184)","(1.006, 2.164)",2,1,1.0378826991582725e+29,1.603892573842942e+24,1.006,1.184,0.583,0.601,0.8835,0,1,0,2,0,0,0,1,1,2.164,1.006,1.1580000000000001,1.585,0,1,0,2,0,1,0,2,0,1.0
271,"(0.841, 1.446)","(1.006, 1.446)",2,1,1.2724441891680422e+29,1.6135159292859996e+24,1.006,1.446,0.841,0.605,1.1435,0,1,0,2,0,0,0,1,1,1.446,1.006,0.43999999999999995,1.226,0,1,0,2,0,1,0,2,0,1.0
272,"(0.427, 1.446)","(0.583, 1.446)",2,2,1.2908946299109787e+29,2.3331440337475552e+24,1.446,1.446,0.427,1.019,0.9365,0,1,0,2,0,0,0,1,1,1.446,0.583,0.863,1.0145,0,1,0,2,0,0,0,1,1,1.0
273,"(0.427, 0.583)","(1.184, 2.164)",2,2,2.160957610470978e+29,5.04892368902971e+24,2.164,0.583,0.427,0.15599999999999997,0.505,0,1,0,2,0,0,1,0,2,2.164,1.184,0.9800000000000002,1.674,0,1,0,2,0,1,0,2,0,1.0
274,"(0.427, 1.446)","(0.841, 2.164)",2,1,3.246838809732644e+29,4.246144822473986e+24,0.841,1.446,0.427,1.019,0.9365,0,1,0,2,0,0,0,1,1,2.164,0.841,1.3230000000000002,1.5025,0,1,0,2,0,0,0,1,1,1.0
275,"(0.427, 2.164)","(0.649, 1.184)",1,1,4.206279678008641e+29,1.813103839196392e+24,0.427,2.164,0.427,1.737,1.2955,0,1,0,2,0,0,0,1,1,1.184,0.649,0.5349999999999999,0.9165,0,1,0,2,0,0,0,1,1,1.0
276,"(0.841, 2.164)","(1.006, 1.184)",1,2,6.319935216207983e+29,3.9235567080209925e+24,2.164,2.164,0.841,1.3230000000000002,1.5025,0,1,0,2,0,0,0,1,1,1.184,1.006,0.17799999999999994,1.095,0,1,0,2,0,1,0,2,0,1.0
277,"(1.446, 2.164)","(0.427, 1.006)",1,1,1.1407483065255411e+30,5.673462999798355e+24,1.446,2.164,1.446,0.7180000000000002,1.8050000000000002,0,1,0,2,0,1,0,2,0,1.006,0.427,0.579,0.7165,0,1,0,2,0,0,0,1,1,1.0
278,"(0.649, 0.841)","(1.446, 2.164)",2,1,2.0590506932786017e+30,8.203827497708421e+24,1.446,0.841,0.649,0.19199999999999995,0.745,0,1,0,2,0,0,1,0,2,2.164,1.446,0.7180000000000002,1.8050000000000002,0,1,0,2,0,1,0,2,0,1.0
279,"(1.184, 1.739)","(0.427, 2.164)",1,2,3.009302588226676e+30,1.4266456018514943e+25,1.739,1.739,1.184,0.5550000000000002,1.4615,0,1,0,2,0,1,0,2,0,2.164,0.427,1.737,1.2955,0,1,0,2,0,0,0,1,1,1.0
280,"(0.583, 1.184)","(0.649, 2.164)",2,1,4.2325840903408205e+30,9.258929956016198e+24,0.649,1.184,0.583,0.601,0.8835,0,1,0,2,0,0,0,1,1,2.164,0.649,1.5150000000000001,1.4065,0,1,0,2,0,0,0,1,1,1.0
281,"(0.427, 1.739)","(1.006, 1.446)",2,2,5.189148094757846e+30,1.3388412716399422e+25,1.446,1.739,0.427,1.312,1.083,0,1,0,2,0,0,0,1,1,1.446,1.006,0.43999999999999995,1.226,0,1,0,2,0,1,0,2,0,1.0
282,"(1.446, 1.739)","(0.583, 0.649)",1,1,8.263718340901869e+30,1.935964478791356e+25,1.446,1.739,1.446,0.29300000000000015,1.5925,0,1,0,2,0,1,0,2,0,0.649,0.583,0.06600000000000006,0.616,0,1,0,2,0,0,1,0,2,1.0
283,"(1.446, 2.164)","(0.649, 2.164)",1,1,1.4916011605327875e+31,2.799404636332301e+25,1.446,2.164,1.446,0.7180000000000002,1.8050000000000002,0,1,0,2,0,1,0,2,0,2.164,0.649,1.5150000000000001,1.4065,0,1,0,2,0,0,0,1,1,1.0
284,"(1.184, 1.446)","(0.583, 1.739)",1,1,1.9614555261006155e+31,3.314495089417444e+25,1.184,1.446,1.184,0.262,1.315,0,1,0,2,0,1,0,2,0,1.739,0.583,1.1560000000000001,1.161,0,1,0,2,0,0,0,1,1,1.0
285,"(0.841, 1.446)","(0.841, 1.739)",2,2,2.530277628669794e+31,5.7639069604969355e+25,1.739,1.446,0.841,0.605,1.1435,0,1,0,2,0,0,0,1,1,1.739,0.841,0.8980000000000001,1.29,0,1,0,2,0,0,0,1,1,1.0
286,"(1.446, 1.739)","(0.583, 1.184)",1,1,4.029467123656647e+31,8.33460946487857e+25,1.446,1.739,1.446,0.29300000000000015,1.5925,0,1,0,2,0,1,0,2,0,1.184,0.583,0.601,0.8835,0,1,0,2,0,0,0,1,1,1.0
287,"(0.649, 0.841)","(0.427, 1.006)",1,1,3.0019530071242023e+31,5.409161542706192e+25,0.649,0.841,0.649,0.19199999999999995,0.745,0,1,0,2,0,0,1,0,2,1.006,0.427,0.579,0.7165,0,1,0,2,0,0,0,1,1,1.0
288,"(1.184, 2.164)","(1.446, 2.164)",2,2,5.418525177859185e+31,1.1705425578416199e+26,2.164,2.164,1.184,0.9800000000000002,1.674,0,1,0,2,0,1,0,2,0,2.164,1.446,0.7180000000000002,1.8050000000000002,0,1,0,2,0,1,0,2,0,1.0
289,"(0.841, 1.006)","(0.583, 1.739)",2,1,6.2909077314945145e+31,6.824263112216643e+25,0.583,1.006,0.841,0.16500000000000004,0.9235,0,1,0,2,0,0,0,1,1,1.739,0.583,1.1560000000000001,1.161,0,1,0,2,0,0,0,1,1,1.0
290,"(0.583, 1.446)","(0.841, 1.184)",2,1,6.369544078138196e+31,5.739205277374197e+25,0.841,1.446,0.583,0.863,1.0145,0,1,0,2,0,0,0,1,1,1.184,0.841,0.34299999999999997,1.0125,0,1,0,2,0,0,0,1,1,1.0
291,"(0.649, 2.164)","(0.583, 1.446)",1,2,8.958763745901373e+31,1.2419640220237763e+26,2.164,2.164,0.649,1.5150000000000001,1.4065,0,1,0,2,0,0,0,1,1,1.446,0.583,0.863,1.0145,0,1,0,2,0,0,0,1,1,1.0
292,"(0.427, 1.184)","(0.583, 0.841)",1,1,7.216284197323556e+31,5.303186374041525e+25,0.427,1.184,0.427,0.7569999999999999,0.8055,0,1,0,2,0,0,0,1,1,0.841,0.583,0.258,0.712,0,1,0,2,0,0,1,0,2,1.0
293,"(0.583, 1.184)","(0.841, 2.164)",2,1,1.0842467006478641e+32,4.459979740568922e+25,0.841,1.184,0.583,0.601,0.8835,0,1,0,2,0,0,0,1,1,2.164,0.841,1.3230000000000002,1.5025,0,1,0,2,0,0,0,1,1,1.0
294,"(1.446, 1.739)","(0.841, 1.446)",1,2,1.7266628707817238e+32,7.755904768849356e+25,1.739,1.739,1.446,0.29300000000000015,1.5925,0,1,0,2,0,1,0,2,0,1.446,0.841,0.605,1.1435,0,1,0,2,0,0,0,1,1,1.0
295,"(0.841, 1.446)","(1.184, 1.739)",2,1,2.5235177856474895e+32,9.182991246317636e+25,1.184,1.446,0.841,0.605,1.1435,0,1,0,2,0,0,0,1,1,1.739,1.184,0.5550000000000002,1.4615,0,1,0,2,0,1,0,2,0,1.0
296,"(1.184, 1.739)","(0.583, 1.006)",1,1,3.6881212437238056e+32,1.087266163564008e+26,1.184,1.739,1.184,0.5550000000000002,1.4615,0,1,0,2,0,1,0,2,0,1.006,0.583,0.42300000000000004,0.7945,0,1,0,2,0,0,0,1,1,1.0
297,"(1.006, 2.164)","(0.841, 1.006)",1,1,5.8456721713022314e+32,1.093789760545392e+26,1.006,2.164,1.006,1.1580000000000001,1.585,0,1,0,2,0,1,0,2,0,1.006,0.841,0.16500000000000004,0.9235,0,1,0,2,0,0,0,1,1,1.0
298,"(0.841, 2.164)","(1.006, 1.739)",1,1,8.783122437381603e+32,9.198771886186746e+25,0.841,2.164,0.841,1.3230000000000002,1.5025,0,1,0,2,0,0,0,1,1,1.739,1.006,0.7330000000000001,1.3725,0,1,0,2,0,1,0,2,0,1.0
299,"(1.006, 1.446)","(1.446, 2.164)",2,2,1.5853535999473794e+33,1.9906142361708118e+26,2.164,1.446,1.006,0.43999999999999995,1.226,0,1,0,2,0,1,0,2,0,2.164,1.446,0.7180000000000002,1.8050000000000002,0,1,0,2,0,1,0,2,0,1.0
300,"(1.739, 2.164)","(0.583, 2.164)",1,2,3.093817550297311e+33,4.307689207073637e+26,2.164,2.164,1.739,0.42500000000000004,1.9515000000000002,0,1,0,2,0,1,0,2,0,2.164,0.583,1.5810000000000002,1.3735,0,1,0,2,0,0,0,1,1,1.0
301,"(0.427, 0.583)","(1.184, 2.164)",2,1,5.179050579197699e+33,5.100304021175186e+26,1.184,0.583,0.427,0.15599999999999997,0.505,0,1,0,2,0,0,1,0,2,2.164,1.184,0.9800000000000002,1.674,0,1,0,2,0,1,0,2,0,1.0
302,"(0.841, 2.164)","(0.649, 1.446)",1,1,7.781523495244542e+33,4.2893556818083315e+26,0.841,2.164,0.841,1.3230000000000002,1.5025,0,1,0,2,0,0,0,1,1,1.446,0.649,0.7969999999999999,1.0474999999999999,0,1,0,2,0,0,0,1,1,1.0
303,"(0.427, 1.184)","(1.184, 1.739)",2,1,1.13726965882999e+34,5.0785971272610644e+26,1.184,1.184,0.427,0.7569999999999999,0.8055,0,1,0,2,0,0,0,1,1,1.739,1.184,0.5550000000000002,1.4615,0,1,0,2,0,1,0,2,0,1.0
304,"(0.649, 2.164)","(0.583, 0.841)",1,2,1.5995697751443808e+34,1.0990084183392944e+27,2.164,2.164,0.649,1.5150000000000001,1.4065,0,1,0,2,0,0,0,1,1,0.841,0.583,0.258,0.712,0,1,0,2,0,0,1,0,2,1.0
305,"(0.583, 0.649)","(0.649, 1.184)",2,1,1.466005698919825e+34,7.132564635022021e+26,0.649,0.649,0.583,0.06600000000000006,0.616,0,1,0,2,0,0,1,0,2,1.184,0.649,0.5349999999999999,0.9165,0,1,0,2,0,0,0,1,1,1.0
306,"(1.446, 2.164)","(0.583, 2.164)",1,2,2.6461402865502843e+34,1.5434869870187653e+27,2.164,2.164,1.446,0.7180000000000002,1.8050000000000002,0,1,0,2,0,1,0,2,0,2.164,0.583,1.5810000000000002,1.3735,0,1,0,2,0,0,0,1,1,1.0
307,"(1.006, 1.446)","(0.649, 1.446)",1,2,3.2441679913106483e+34,2.2318821832291346e+27,1.446,1.446,1.006,0.43999999999999995,1.226,0,1,0,2,0,1,0,2,0,1.446,0.649,0.7969999999999999,1.0474999999999999,0,1,0,2,0,0,0,1,1,1.0
308,"(1.006, 2.164)","(0.841, 1.739)",1,1,5.142006266227378e+34,2.2452734763285094e+27,1.006,2.164,1.006,1.1580000000000001,1.585,0,1,0,2,0,1,0,2,0,1.739,0.841,0.8980000000000001,1.29,0,1,0,2,0,0,0,1,1,1.0
309,"(1.006, 2.164)","(1.739, 2.164)",2,2,1.0034625228542729e+35,4.8587718027748944e+27,2.164,2.164,1.006,1.1580000000000001,1.585,0,1,0,2,0,1,0,2,0,2.164,1.739,0.42500000000000004,1.9515000000000002,0,1,0,2,0,1,0,2,0,1.0
310,"(0.583, 1.184)","(0.583, 0.649)",1,1,8.8655913894175e+34,2.832663961017763e+27,0.583,1.184,0.583,0.601,0.8835,0,1,0,2,0,0,0,1,1,0.649,0.583,0.06600000000000006,0.616,0,1,0,2,0,0,1,0,2,1.0
311,"(0.649, 1.006)","(1.006, 1.739)",2,2,1.216802418197552e+35,4.9260026282098904e+27,1.739,1.006,0.649,0.357,0.8275,0,1,0,2,0,0,0,1,1,1.739,1.006,0.7330000000000001,1.3725,0,1,0,2,0,1,0,2,0,1.0
312,"(0.427, 0.583)","(0.427, 1.006)",2,1,8.71838932638546e+34,2.1034031222456233e+27,0.427,0.583,0.427,0.15599999999999997,0.505,0,1,0,2,0,0,1,0,2,1.006,0.427,0.579,0.7165,0,1,0,2,0,0,0,1,1,1.0
313,"(1.184, 2.164)","(0.583, 1.446)",1,2,1.459458373236926e+35,4.551764356539529e+27,2.164,2.164,1.184,0.9800000000000002,1.674,0,1,0,2,0,1,0,2,0,1.446,0.583,0.863,1.0145,0,1,0,2,0,0,0,1,1,1.0
314,"(0.583, 1.739)","(0.583, 1.446)",1,1,1.6944311713280712e+35,2.6536786198625454e+27,0.583,1.739,0.583,1.1560000000000001,1.161,0,1,0,2,0,0,0,1,1,1.446,0.583,0.863,1.0145,0,1,0,2,0,0,0,1,1,1.0
315,"(0.583, 1.184)","(1.006, 1.446)",2,1,2.0773726160482154e+35,2.6696006915817207e+27,1.006,1.184,0.583,0.601,0.8835,0,1,0,2,0,0,0,1,1,1.446,1.006,0.43999999999999995,1.226,0,1,0,2,0,1,0,2,0,1.0
316,"(0.427, 1.446)","(0.583, 1.739)",2,1,2.411829607231978e+35,1.556377203192143e+27,0.583,1.446,0.427,1.019,0.9365,0,1,0,2,0,0,0,1,1,1.739,0.583,1.1560000000000001,1.161,0,1,0,2,0,0,0,1,1,1.0
317,"(0.841, 1.446)","(0.649, 1.739)",1,1,2.757927155869767e+35,1.3089132278845922e+27,0.841,1.446,0.841,0.605,1.1435,0,1,0,2,0,0,0,1,1,1.739,0.649,1.09,1.194,0,1,0,2,0,0,0,1,1,1.0
318,"(0.427, 1.006)","(1.006, 2.164)",2,1,4.37131454205358e+35,1.3167667072518997e+27,1.006,1.006,0.427,0.579,0.7165,0,1,0,2,0,0,0,1,1,2.164,1.006,1.1580000000000001,1.585,0,1,0,2,0,1,0,2,0,1.0
319,"(0.649, 1.184)","(0.427, 1.739)",1,2,4.006309777792106e+35,1.5590517813862492e+27,1.184,1.184,0.649,0.5349999999999999,0.9165,0,1,0,2,0,0,0,1,1,1.739,0.427,1.312,1.083,0,1,0,2,0,0,0,1,1,1.0
320,"(0.841, 1.184)","(0.583, 1.184)",1,2,4.056388650014507e+35,1.845917309161319e+27,1.184,1.184,0.841,0.34299999999999997,1.0125,0,1,0,2,0,0,0,1,1,1.184,0.583,0.601,0.8835,0,1,0,2,0,0,0,1,1,1.0
321,"(1.006, 1.739)","(1.184, 1.739)",2,2,5.9284120119962026e+35,3.210050200631534e+27,1.739,1.739,1.006,0.7330000000000001,1.3725,0,1,0,2,0,1,0,2,0,1.739,1.184,0.5550000000000002,1.4615,0,1,0,2,0,1,0,2,0,1.0
322,"(0.583, 2.164)","(0.583, 1.006)",1,1,8.142673898476784e+35,1.871459266968184e+27,0.583,2.164,0.583,1.5810000000000002,1.3735,0,1,0,2,0,0,0,1,1,1.006,0.583,0.42300000000000004,0.7945,0,1,0,2,0,0,0,1,1,1.0
323,"(1.446, 2.164)","(0.583, 0.841)",1,1,1.4697526386750596e+36,2.706130100035994e+27,1.446,2.164,1.446,0.7180000000000002,1.8050000000000002,0,1,0,2,0,1,0,2,0,0.841,0.583,0.258,0.712,0,1,0,2,0,0,1,0,2,1.0
324,"(0.841, 2.164)","(0.841, 1.006)",1,2,2.208303339609277e+36,5.856065536477892e+27,2.164,2.164,0.841,1.3230000000000002,1.5025,0,1,0,2,0,0,0,1,1,1.006,0.841,0.16500000000000004,0.9235,0,1,0,2,0,0,0,1,1,1.0
325,"(1.446, 1.739)","(0.427, 2.164)",1,1,3.516723068327774e+36,8.46787076574703e+27,1.446,1.739,1.446,0.29300000000000015,1.5925,0,1,0,2,0,1,0,2,0,2.164,0.427,1.737,1.2955,0,1,0,2,0,0,0,1,1,1.0
326,"(1.446, 1.739)","(1.006, 1.184)",1,1,5.60038148631198e+36,1.2244541127270205e+28,1.446,1.739,1.446,0.29300000000000015,1.5925,0,1,0,2,0,1,0,2,0,1.184,1.006,0.17799999999999994,1.095,0,1,0,2,0,1,0,2,0,1.0
327,"(1.006, 1.184)","(1.006, 1.739)",2,2,7.686523589963192e+36,2.129325702032289e+28,1.739,1.184,1.006,0.17799999999999994,1.095,0,1,0,2,0,1,0,2,0,1.739,1.006,0.7330000000000001,1.3725,0,1,0,2,0,1,0,2,0,1.0
328,"(0.649, 0.841)","(0.427, 2.164)",2,1,9.957891310797316e+36,9.092220747677873e+27,0.427,0.841,0.649,0.19199999999999995,0.745,0,1,0,2,0,0,1,0,2,2.164,0.427,1.737,1.2955,0,1,0,2,0,0,0,1,1,1.0
329,"(1.006, 1.446)","(0.583, 2.164)",1,1,1.220837474703751e+37,9.146774072163941e+27,1.006,1.446,1.006,0.43999999999999995,1.226,0,1,0,2,0,1,0,2,0,2.164,0.583,1.5810000000000002,1.3735,0,1,0,2,0,0,0,1,1,1.0
330,"(1.006, 1.446)","(0.583, 1.184)",1,1,1.496746743986799e+37,9.201654716596925e+27,1.006,1.446,1.006,0.43999999999999995,1.226,0,1,0,2,0,1,0,2,0,1.184,0.583,0.601,0.8835,0,1,0,2,0,0,0,1,1,1.0
331,"(0.427, 1.006)","(0.649, 1.006)",2,2,1.238557930649076e+37,9.256864644896507e+27,1.006,1.006,0.427,0.579,0.7165,0,1,0,2,0,0,0,1,1,1.006,0.649,0.357,0.8275,0,1,0,2,0,0,0,1,1,1.0
332,"(0.427, 1.184)","(0.427, 0.841)",1,2,9.976584131378308e+36,1.0960127739557464e+28,1.184,1.184,0.427,0.7569999999999999,0.8055,0,1,0,2,0,0,0,1,1,0.841,0.427,0.414,0.634,0,1,0,2,0,0,1,0,2,1.0
333,"(0.841, 1.184)","(0.841, 1.006)",1,1,1.0101291433020537e+37,9.217467428967827e+27,0.841,1.184,0.841,0.34299999999999997,1.0125,0,1,0,2,0,0,0,1,1,1.006,0.841,0.16500000000000004,0.9235,0,1,0,2,0,0,0,1,1,1.0
334,"(0.583, 1.184)","(0.583, 0.649)",1,1,8.924490981073644e+36,5.373783511088242e+27,0.583,1.184,0.583,0.601,0.8835,0,1,0,2,0,0,0,1,1,0.649,0.583,0.06600000000000006,0.616,0,1,0,2,0,0,1,0,2,1.0
335,"(0.841, 1.184)","(1.446, 2.164)",2,1,1.610870622083793e+37,7.770490957033598e+27,1.446,1.184,0.841,0.34299999999999997,1.0125,0,1,0,2,0,0,0,1,1,2.164,1.446,0.7180000000000002,1.8050000000000002,0,1,0,2,0,1,0,2,0,1.0
336,"(0.841, 1.184)","(0.427, 1.446)",1,2,1.6310065048598402e+37,9.20026129312778e+27,1.184,1.184,0.841,0.34299999999999997,1.0125,0,1,0,2,0,0,0,1,1,1.446,0.427,1.019,0.9365,0,1,0,2,0,0,0,1,1,1.0
337,"(1.006, 1.184)","(1.446, 1.739)",2,1,2.5973778589892956e+37,1.3303577829862768e+28,1.446,1.184,1.006,0.17799999999999994,1.095,0,1,0,2,0,1,0,2,0,1.739,1.446,0.29300000000000015,1.5925,0,1,0,2,0,1,0,2,0,1.0
338,"(1.006, 2.164)","(1.184, 2.164)",2,1,4.348010535948081e+37,1.5751436150557517e+28,1.184,2.164,1.006,1.1580000000000001,1.585,0,1,0,2,0,1,0,2,0,2.164,1.184,0.9800000000000002,1.674,0,1,0,2,0,1,0,2,0,1.0
339,"(0.841, 1.184)","(1.184, 1.446)",2,1,5.717633854771726e+37,1.86497004022601e+28,1.184,1.184,0.841,0.34299999999999997,1.0125,0,1,0,2,0,0,0,1,1,1.446,1.184,0.262,1.315,0,1,0,2,0,1,0,2,0,1.0
340,"(0.649, 2.164)","(1.446, 2.164)",2,1,1.0320329107862968e+38,2.6967466781668103e+28,1.446,2.164,0.649,1.5150000000000001,1.4065,0,1,0,2,0,0,0,1,1,2.164,1.446,0.7180000000000002,1.8050000000000002,0,1,0,2,0,1,0,2,0,1.0
341,"(0.583, 1.739)","(0.427, 2.164)",1,1,1.1981902094228906e+38,1.5722033133712504e+28,0.583,1.739,0.583,1.1560000000000001,1.161,0,1,0,2,0,0,0,1,1,2.164,0.427,1.737,1.2955,0,1,0,2,0,0,0,1,1,1.0
342,"(0.649, 0.841)","(0.583, 2.164)",2,1,1.6457142526423401e+38,9.165945316954389e+27,0.583,0.841,0.649,0.19199999999999995,0.745,0,1,0,2,0,0,1,0,2,2.164,0.583,1.5810000000000002,1.3735,0,1,0,2,0,0,0,1,1,1.0
343,"(1.184, 2.164)","(0.649, 1.006)",1,1,2.7549256589232774e+38,1.0852479255273997e+28,1.184,2.164,1.184,0.9800000000000002,1.674,0,1,0,2,0,1,0,2,0,1.006,0.649,0.357,0.8275,0,1,0,2,0,0,0,1,1,1.0
344,"(1.446, 1.739)","(0.427, 1.446)",1,2,4.387219111835319e+38,1.8872461424921482e+28,1.739,1.739,1.446,0.29300000000000015,1.5925,0,1,0,2,0,1,0,2,0,1.446,0.427,1.019,0.9365,0,1,0,2,0,0,0,1,1,1.0
345,"(0.427, 0.841)","(0.583, 2.164)",2,2,6.025845450105811e+38,4.084000652353009e+28,2.164,0.841,0.427,0.414,0.634,0,1,0,2,0,0,1,0,2,2.164,0.583,1.5810000000000002,1.3735,0,1,0,2,0,0,0,1,1,1.0
346,"(1.006, 1.739)","(0.427, 1.184)",1,1,8.270472880270226e+38,4.108504656267127e+28,1.006,1.739,1.006,0.7330000000000001,1.3725,0,1,0,2,0,1,0,2,0,1.184,0.427,0.7569999999999999,0.8055,0,1,0,2,0,0,0,1,1,1.0
347,"(0.841, 1.184)","(1.006, 1.446)",2,2,1.0139599751211297e+39,5.940897732962265e+28,1.446,1.184,0.841,0.34299999999999997,1.0125,0,1,0,2,0,0,0,1,1,1.446,1.006,0.43999999999999995,1.226,0,1,0,2,0,1,0,2,0,1.0
348,"(0.841, 1.006)","(0.649, 1.739)",2,1,1.2106682102946288e+39,3.85564262869251e+28,0.649,1.006,0.841,0.16500000000000004,0.9235,0,1,0,2,0,0,0,1,1,1.739,0.649,1.09,1.194,0,1,0,2,0,0,0,1,1,1.0
349,"(1.739, 2.164)","(0.841, 1.184)",1,1,2.3626190123899683e+39,6.704962531296275e+28,1.739,2.164,1.739,0.42500000000000004,1.9515000000000002,0,1,0,2,0,1,0,2,0,1.184,0.841,0.34299999999999997,1.0125,0,1,0,2,0,0,0,1,1,1.0
350,"(1.184, 1.446)","(1.184, 2.164)",2,1,3.9550242267408066e+39,7.93867563705479e+28,1.184,1.446,1.184,0.262,1.315,0,1,0,2,0,1,0,2,0,2.164,1.184,0.9800000000000002,1.674,0,1,0,2,0,1,0,2,0,1.0
351,"(1.184, 1.739)","(0.649, 0.841)",1,2,5.780267907381689e+39,1.380535693283828e+29,1.739,1.739,1.184,0.5550000000000002,1.4615,0,1,0,2,0,1,0,2,0,0.841,0.649,0.19199999999999995,0.745,0,1,0,2,0,0,1,0,2,1.0
352,"(1.184, 2.164)","(1.446, 2.164)",2,1,1.043338357282395e+40,1.9962546124884153e+29,1.446,2.164,1.184,0.9800000000000002,1.674,0,1,0,2,0,1,0,2,0,2.164,1.446,0.7180000000000002,1.8050000000000002,0,1,0,2,0,1,0,2,0,1.0
353,"(0.583, 1.446)","(0.649, 2.164)",2,2,1.4674553995176886e+40,4.319894981424931e+29,2.164,1.446,0.583,0.863,1.0145,0,1,0,2,0,0,0,1,1,2.164,0.649,1.5150000000000001,1.4065,0,1,0,2,0,0,0,1,1,1.0
354,"(1.184, 1.739)","(0.649, 1.184)",1,2,2.144686066395102e+40,7.512297372697955e+29,1.739,1.739,1.184,0.5550000000000002,1.4615,0,1,0,2,0,1,0,2,0,1.184,0.649,0.5349999999999999,0.9165,0,1,0,2,0,0,0,1,1,1.0
355,"(0.427, 0.583)","(0.649, 1.184)",2,2,1.9656047798511109e+40,8.894560089274379e+29,1.184,0.583,0.427,0.15599999999999997,0.505,0,1,0,2,0,0,1,0,2,1.184,0.649,0.5349999999999999,0.9165,0,1,0,2,0,0,0,1,1,1.0
356,"(0.841, 1.739)","(0.427, 1.006)",1,1,2.535630166007933e+40,7.480325035079753e+29,0.841,1.739,0.841,0.8980000000000001,1.29,0,1,0,2,0,0,0,1,1,1.006,0.427,0.579,0.7165,0,1,0,2,0,0,0,1,1,1.0
357,"(1.446, 1.739)","(1.006, 2.164)",1,2,4.037991039367633e+40,1.3008285236003692e+30,1.739,1.739,1.446,0.29300000000000015,1.5925,0,1,0,2,0,1,0,2,0,2.164,1.006,1.1580000000000001,1.585,0,1,0,2,0,1,0,2,0,1.0
358,"(0.427, 2.164)","(0.583, 2.164)",2,1,5.546180692571444e+40,7.583830292590152e+29,0.583,2.164,0.427,1.737,1.2955,0,1,0,2,0,0,0,1,1,2.164,0.583,1.5810000000000002,1.3735,0,1,0,2,0,0,0,1,1,1.0
359,"(0.583, 1.006)","(0.649, 1.739)",2,2,6.622139746930304e+40,1.3188280878814276e+30,1.739,1.006,0.583,0.42300000000000004,0.7945,0,1,0,2,0,0,0,1,1,1.739,0.649,1.09,1.194,0,1,0,2,0,0,0,1,1,1.0
360,"(0.841, 1.739)","(1.006, 2.164)",2,2,1.0496091498884533e+41,2.8539439821754094e+30,2.164,1.739,0.841,0.8980000000000001,1.29,0,1,0,2,0,0,0,1,1,2.164,1.006,1.1580000000000001,1.585,0,1,0,2,0,1,0,2,0,1.0
361,"(0.841, 2.164)","(1.006, 1.446)",1,2,1.577037747707401e+41,6.175934777427586e+30,2.164,2.164,0.841,1.3230000000000002,1.5025,0,1,0,2,0,0,0,1,1,1.446,1.006,0.43999999999999995,1.226,0,1,0,2,0,1,0,2,0,1.0
362,"(1.006, 1.446)","(0.841, 2.164)",2,1,2.36949921593037e+41,5.1939611478166e+30,0.841,1.446,1.006,0.43999999999999995,1.226,0,1,0,2,0,1,0,2,0,2.164,0.841,1.3230000000000002,1.5025,0,1,0,2,0,0,0,1,1,1.0
363,"(0.583, 1.184)","(0.583, 0.649)",1,1,2.0934525572744817e+41,3.0280793491770776e+30,0.583,1.184,0.583,0.601,0.8835,0,1,0,2,0,0,0,1,1,0.649,0.583,0.06600000000000006,0.616,0,1,0,2,0,0,1,0,2,1.0
364,"(0.583, 1.446)","(0.427, 1.184)",1,2,2.1238076193549617e+41,4.378602738910054e+30,1.446,1.446,0.583,0.863,1.0145,0,1,0,2,0,0,0,1,1,1.184,0.427,0.7569999999999999,0.8055,0,1,0,2,0,0,0,1,1,1.0
365,"(1.006, 2.164)","(1.184, 1.739)",1,2,3.3662350766776143e+41,9.475296327001358e+30,2.164,2.164,1.006,1.1580000000000001,1.585,0,1,0,2,0,1,0,2,0,1.739,1.184,0.5550000000000002,1.4615,0,1,0,2,0,1,0,2,0,1.0
366,"(0.427, 0.649)","(0.427, 1.006)",2,1,2.411907432439511e+41,4.04595153162958e+30,0.427,0.649,0.427,0.22200000000000003,0.538,0,1,0,2,0,0,1,0,2,1.006,0.427,0.579,0.7165,0,1,0,2,0,0,0,1,1,1.0
367,"(0.841, 1.184)","(0.427, 1.739)",1,1,2.4420562753450046e+41,3.4026452381004764e+30,0.841,1.184,0.841,0.34299999999999997,1.0125,0,1,0,2,0,0,0,1,1,1.739,0.427,1.312,1.083,0,1,0,2,0,0,0,1,1,1.0
368,"(0.583, 0.841)","(0.649, 1.006)",2,1,2.0208015678479913e+41,2.2083167595272093e+30,0.649,0.841,0.583,0.258,0.712,0,1,0,2,0,0,1,0,2,1.006,0.649,0.357,0.8275,0,1,0,2,0,0,0,1,1,1.0
369,"(1.006, 1.739)","(0.583, 2.164)",1,1,2.773550151871368e+41,2.2215666600843725e+30,1.006,1.739,1.006,0.7330000000000001,1.3725,0,1,0,2,0,1,0,2,0,2.164,0.583,1.5810000000000002,1.3735,0,1,0,2,0,0,0,1,1,1.0
370,"(0.427, 0.583)","(0.649, 1.739)",2,2,3.311618881334413e+41,3.863304421886724e+30,1.739,0.583,0.427,0.15599999999999997,0.505,0,1,0,2,0,0,1,0,2,1.739,0.649,1.09,1.194,0,1,0,2,0,0,0,1,1,1.0
371,"(0.583, 2.164)","(0.427, 2.164)",1,2,4.548508533512816e+41,8.360190768962872e+30,2.164,2.164,0.583,1.5810000000000002,1.3735,0,1,0,2,0,0,0,1,1,2.164,0.427,1.737,1.2955,0,1,0,2,0,0,0,1,1,1.0
372,"(1.006, 1.446)","(0.841, 1.184)",1,2,5.576471462086712e+41,1.2088835851920312e+31,1.446,1.446,1.006,0.43999999999999995,1.226,0,1,0,2,0,1,0,2,0,1.184,0.841,0.34299999999999997,1.0125,0,1,0,2,0,0,0,1,1,1.0
373,"(0.649, 1.446)","(1.184, 1.739)",2,2,8.15001304183973e+41,2.1022485546489424e+31,1.739,1.446,0.649,0.7969999999999999,1.0474999999999999,0,1,0,2,0,0,0,1,1,1.739,1.184,0.5550000000000002,1.4615,0,1,0,2,0,1,0,2,0,1.0
374,"(0.583, 0.649)","(1.184, 1.446)",2,1,1.0717267150019245e+42,2.4890622887043477e+31,1.184,0.649,0.583,0.06600000000000006,0.616,0,1,0,2,0,0,1,0,2,1.446,1.184,0.262,1.315,0,1,0,2,0,1,0,2,0,1.0
375,"(0.427, 0.583)","(0.649, 2.164)",2,2,1.507383624650207e+42,5.3863307927562085e+31,2.164,0.583,0.427,0.15599999999999997,0.505,0,1,0,2,0,0,1,0,2,2.164,0.649,1.5150000000000001,1.4065,0,1,0,2,0,0,0,1,1,1.0
376,"(0.841, 1.006)","(1.184, 1.739)",2,2,2.2030411674262774e+42,9.366829248603048e+31,1.739,1.006,0.841,0.16500000000000004,0.9235,0,1,0,2,0,0,0,1,1,1.739,1.184,0.5550000000000002,1.4615,0,1,0,2,0,1,0,2,0,1.0
377,"(1.184, 1.446)","(0.841, 1.446)",1,1,2.896999135165555e+42,1.1090325830346008e+32,1.184,1.446,1.184,0.262,1.315,0,1,0,2,0,1,0,2,0,1.446,0.841,0.605,1.1435,0,1,0,2,0,0,0,1,1,1.0
378,"(0.427, 1.739)","(0.583, 1.006)",1,1,3.137450063384296e+42,4.7355691295577455e+31,0.427,1.739,0.427,1.312,1.083,0,1,0,2,0,0,0,1,1,1.006,0.583,0.42300000000000004,0.7945,0,1,0,2,0,0,0,1,1,1.0
379,"(0.649, 2.164)","(1.184, 1.739)",2,2,4.585383267636149e+42,8.23515471630092e+31,1.739,2.164,0.649,1.5150000000000001,1.4065,0,1,0,2,0,0,0,1,1,1.739,1.184,0.5550000000000002,1.4615,0,1,0,2,0,1,0,2,0,1.0
380,"(0.583, 0.649)","(0.583, 1.446)",2,1,4.651871325016873e+42,4.801095199603436e+31,0.583,0.649,0.583,0.06600000000000006,0.616,0,1,0,2,0,0,1,0,2,1.446,0.583,0.863,1.0145,0,1,0,2,0,0,0,1,1,1.0
381,"(0.841, 1.006)","(0.583, 1.739)",2,2,5.40082260834459e+42,8.349104552110376e+31,1.739,1.006,0.841,0.16500000000000004,0.9235,0,1,0,2,0,0,0,1,1,1.739,0.583,1.1560000000000001,1.161,0,1,0,2,0,0,0,1,1,1.0
382,"(0.427, 1.184)","(0.841, 2.164)",2,2,8.114735969037746e+42,1.8067462250766855e+32,2.164,1.184,0.427,0.7569999999999999,0.8055,0,1,0,2,0,0,0,1,1,2.164,0.841,1.3230000000000002,1.5025,0,1,0,2,0,0,0,1,1,1.0
383,"(0.649, 1.739)","(0.649, 0.841)",1,1,9.688994747031069e+42,1.172578300074769e+32,0.649,1.739,0.649,1.09,1.194,0,1,0,2,0,0,0,1,1,0.841,0.649,0.19199999999999995,0.745,0,1,0,2,0,0,1,0,2,1.0
384,"(0.583, 0.841)","(0.649, 2.164)",2,1,1.36275711116992e+43,7.610033167485251e+31,0.649,0.841,0.583,0.258,0.712,0,1,0,2,0,0,1,0,2,2.164,0.649,1.5150000000000001,1.4065,0,1,0,2,0,0,0,1,1,1.0
385,"(1.006, 2.164)","(0.841, 1.446)",1,1,2.159970021204323e+43,7.655693366490162e+31,1.006,2.164,1.006,1.1580000000000001,1.585,0,1,0,2,0,1,0,2,0,1.446,0.841,0.605,1.1435,0,1,0,2,0,0,0,1,1,1.0
386,"(0.583, 1.446)","(0.649, 1.006)",1,2,2.1912895865117856e+43,1.1070132607944775e+32,1.446,1.446,0.583,0.863,1.0145,0,1,0,2,0,0,0,1,1,1.006,0.649,0.357,0.8275,0,1,0,2,0,0,0,1,1,1.0
387,"(1.446, 2.164)","(0.427, 0.583)",1,1,3.955277703653773e+43,1.6007411751088143e+32,1.446,2.164,1.446,0.7180000000000002,1.8050000000000002,0,1,0,2,0,1,0,2,0,0.583,0.427,0.15599999999999997,0.505,0,1,0,2,0,0,1,0,2,1.0
388,"(1.446, 2.164)","(0.841, 1.006)",1,1,7.139276255095061e+43,2.3146717392073456e+32,1.446,2.164,1.446,0.7180000000000002,1.8050000000000002,0,1,0,2,0,1,0,2,0,1.006,0.841,0.16500000000000004,0.9235,0,1,0,2,0,0,0,1,1,1.0
389,"(1.446, 2.164)","(0.583, 1.006)",1,2,1.2886393640446585e+44,5.008949643644696e+32,2.164,2.164,1.446,0.7180000000000002,1.8050000000000002,0,1,0,2,0,1,0,2,0,1.006,0.583,0.42300000000000004,0.7945,0,1,0,2,0,0,0,1,1,1.0
390,"(0.427, 1.006)","(0.649, 1.739)",2,1,1.5386354006693221e+44,3.250808318725408e+32,0.649,1.006,0.427,0.579,0.7165,0,1,0,2,0,0,0,1,1,1.739,0.649,1.09,1.194,0,1,0,2,0,0,0,1,1,1.0
391,"(0.583, 1.446)","(1.446, 1.739)",2,1,2.4502768755658953e+44,4.70066882887694e+32,1.446,1.446,0.583,0.863,1.0145,0,1,0,2,0,0,0,1,1,1.739,1.446,0.29300000000000015,1.5925,0,1,0,2,0,1,0,2,0,1.0
392,"(0.583, 1.184)","(0.427, 2.164)",2,1,3.174333692295618e+44,2.0071855899304535e+32,0.427,1.184,0.583,0.601,0.8835,0,1,0,2,0,0,0,1,1,2.164,0.427,1.737,1.2955,0,1,0,2,0,0,0,1,1,1.0
393,"(0.649, 1.446)","(0.427, 1.006)",1,1,3.325114542679659e+44,1.3026634478648643e+32,0.649,1.446,0.649,0.7969999999999999,1.0474999999999999,0,1,0,2,0,0,0,1,1,1.006,0.427,0.579,0.7165,0,1,0,2,0,0,0,1,1,1.0
394,"(0.427, 1.006)","(1.446, 2.164)",2,1,6.001831749536785e+44,1.8836513456125938e+32,1.446,1.006,0.427,0.579,0.7165,0,1,0,2,0,0,0,1,1,2.164,1.446,0.7180000000000002,1.8050000000000002,0,1,0,2,0,1,0,2,0,1.0
395,"(0.427, 1.006)","(0.583, 0.649)",1,2,4.300312448543107e+44,1.8949532536862694e+32,1.006,1.006,0.427,0.579,0.7165,0,1,0,2,0,0,0,1,1,0.649,0.583,0.06600000000000006,0.616,0,1,0,2,0,0,1,0,2,1.0
396,"(1.739, 2.164)","(1.184, 1.446)",1,2,8.392059743331875e+44,4.100678840977087e+32,2.164,2.164,1.739,0.42500000000000004,1.9515000000000002,0,1,0,2,0,1,0,2,0,1.446,1.184,0.262,1.315,0,1,0,2,0,1,0,2,0,1.0
397,"(0.583, 1.739)","(0.841, 1.739)",2,2,1.0825757068898119e+45,7.131080504459156e+32,1.739,1.739,0.583,1.1560000000000001,1.161,0,1,0,2,0,0,0,1,1,1.739,0.841,0.8980000000000001,1.29,0,1,0,2,0,0,0,1,1,1.0
398,"(1.006, 1.446)","(0.841, 1.739)",2,1,1.3965226618878573e+45,5.99723870425015e+32,0.841,1.446,1.006,0.43999999999999995,1.226,0,1,0,2,0,1,0,2,0,1.739,0.841,0.8980000000000001,1.29,0,1,0,2,0,0,0,1,1,1.0
399,"(0.427, 1.006)","(0.427, 2.164)",2,1,1.8091951084757192e+45,2.560820926714814e+32,0.427,1.006,0.427,0.579,0.7165,0,1,0,2,0,0,0,1,1,2.164,0.427,1.737,1.2955,0,1,0,2,0,0,0,1,1,1.0
400,"(0.427, 0.649)","(0.583, 1.006)",2,2,1.437405513683959e+45,2.576185852275103e+32,1.006,0.649,0.427,0.22200000000000003,0.538,0,1,0,2,0,0,1,0,2,1.006,0.583,0.42300000000000004,0.7945,0,1,0,2,0,0,0,1,1,1.0
401,"(0.841, 1.006)","(1.184, 1.739)",2,1,2.100768158249106e+45,3.0502040490937217e+32,1.184,1.006,0.841,0.16500000000000004,0.9235,0,1,0,2,0,0,0,1,1,1.739,1.184,0.5550000000000002,1.4615,0,1,0,2,0,1,0,2,0,1.0
402,"(0.427, 0.583)","(0.427, 0.649)",2,2,1.130213269138019e+45,1.9795824278618256e+32,0.649,0.583,0.427,0.15599999999999997,0.505,0,1,0,2,0,0,1,0,2,0.649,0.427,0.22200000000000003,0.538,0,1,0,2,0,0,1,0,2,1.0
403,"(0.841, 1.446)","(0.427, 1.184)",1,1,1.2923988732593247e+45,1.6648288218317953e+32,0.841,1.446,0.841,0.605,1.1435,0,1,0,2,0,0,0,1,1,1.184,0.427,0.7569999999999999,0.8055,0,1,0,2,0,0,0,1,1,1.0
404,"(0.841, 1.446)","(0.427, 1.006)",1,1,1.4778581115720377e+45,1.4001210391605399e+32,0.841,1.446,0.841,0.605,1.1435,0,1,0,2,0,0,0,1,1,1.006,0.427,0.579,0.7165,0,1,0,2,0,0,0,1,1,1.0
405,"(0.649, 1.184)","(0.583, 1.739)",2,1,1.715793267535136e+45,8.162705658305947e+31,0.583,1.184,0.649,0.5349999999999999,0.9165,0,1,0,2,0,0,0,1,1,1.739,0.583,1.1560000000000001,1.161,0,1,0,2,0,0,0,1,1,1.0
406,"(0.841, 1.006)","(0.649, 2.164)",2,2,2.4132632307881687e+45,1.766409504457407e+32,2.164,1.006,0.841,0.16500000000000004,0.9235,0,1,0,2,0,0,0,1,1,2.164,0.649,1.5150000000000001,1.4065,0,1,0,2,0,0,0,1,1,1.0
407,"(0.427, 0.649)","(1.184, 1.446)",2,2,3.1734411484864414e+45,2.5542281434454106e+32,1.446,0.649,0.427,0.22200000000000003,0.538,0,1,0,2,0,0,1,0,2,1.446,1.184,0.262,1.315,0,1,0,2,0,1,0,2,0,1.0
408,"(0.427, 1.739)","(0.649, 1.006)",1,1,3.436836763810816e+45,1.0906554172511903e+32,0.427,1.739,0.427,1.312,1.083,0,1,0,2,0,0,0,1,1,1.006,0.649,0.357,0.8275,0,1,0,2,0,0,0,1,1,1.0
409,"(1.184, 2.164)","(0.649, 0.841)",1,2,5.753264742619306e+45,2.360178322931576e+32,2.164,2.164,1.184,0.9800000000000002,1.674,0,1,0,2,0,1,0,2,0,0.841,0.649,0.19199999999999995,0.745,0,1,0,2,0,0,1,0,2,1.0
410,"(1.739, 2.164)","(0.649, 0.841)",1,1,1.1227496145221576e+46,4.104350103578011e+32,1.739,2.164,1.739,0.42500000000000004,1.9515000000000002,0,1,0,2,0,1,0,2,0,0.841,0.649,0.19199999999999995,0.745,0,1,0,2,0,0,1,0,2,1.0
411,"(0.583, 1.739)","(1.184, 1.739)",2,1,1.6408985616241333e+46,4.8595505226363645e+32,1.184,1.739,0.583,1.1560000000000001,1.161,0,1,0,2,0,0,0,1,1,1.739,1.184,0.5550000000000002,1.4615,0,1,0,2,0,1,0,2,0,1.0
412,"(0.583, 0.649)","(1.006, 1.739)",2,2,2.252133275829123e+46,8.450758358864638e+32,1.739,0.649,0.583,0.06600000000000006,0.616,0,1,0,2,0,0,1,0,2,1.739,1.006,0.7330000000000001,1.3725,0,1,0,2,0,1,0,2,0,1.0
413,"(0.649, 1.006)","(0.583, 1.184)",2,2,1.98975974919503e+46,1.000569789689573e+33,1.184,1.006,0.649,0.357,0.8275,0,1,0,2,0,0,0,1,1,1.184,0.583,0.601,0.8835,0,1,0,2,0,0,0,1,1,1.0
414,"(0.649, 1.446)","(1.006, 2.164)",2,2,3.1537692024741226e+46,2.1652330248882362e+33,2.164,1.446,0.649,0.7969999999999999,1.0474999999999999,0,1,0,2,0,0,0,1,1,2.164,1.006,1.1580000000000001,1.585,0,1,0,2,0,1,0,2,0,1.0
415,"(1.184, 1.446)","(0.841, 1.446)",1,2,4.147206501253471e+46,3.1309269539883896e+33,1.446,1.446,1.184,0.262,1.315,0,1,0,2,0,1,0,2,0,1.446,0.841,0.605,1.1435,0,1,0,2,0,0,0,1,1,1.0
416,"(1.006, 1.739)","(0.427, 1.446)",1,1,5.692040922970389e+46,3.14971251571232e+33,1.006,1.739,1.006,0.7330000000000001,1.3725,0,1,0,2,0,1,0,2,0,1.446,0.427,1.019,0.9365,0,1,0,2,0,0,0,1,1,1.0
417,"(1.184, 1.446)","(0.583, 1.446)",1,1,7.485033813706061e+46,3.729259618603386e+33,1.184,1.446,1.184,0.262,1.315,0,1,0,2,0,1,0,2,0,1.446,0.583,0.863,1.0145,0,1,0,2,0,0,0,1,1,1.0
418,"(0.841, 1.739)","(0.427, 1.739)",1,1,9.655693619680818e+46,3.1363073392454476e+33,0.841,1.739,0.841,0.8980000000000001,1.29,0,1,0,2,0,0,0,1,1,1.739,0.427,1.312,1.083,0,1,0,2,0,0,0,1,1,1.0
419,"(0.427, 1.446)","(1.184, 2.164)",2,1,1.616363111934569e+47,3.71338788966661e+33,1.184,1.446,0.427,1.019,0.9365,0,1,0,2,0,0,0,1,1,2.164,1.184,0.9800000000000002,1.674,0,1,0,2,0,1,0,2,0,1.0
420,"(0.427, 1.446)","(0.583, 0.841)",1,1,1.5137240543267238e+47,1.5856166288876424e+33,0.427,1.446,0.427,1.019,0.9365,0,1,0,2,0,0,0,1,1,0.841,0.583,0.258,0.712,0,1,0,2,0,0,1,0,2,1.0
421,"(1.006, 1.446)","(0.427, 0.583)",1,2,1.8558256906045632e+47,2.2928016453715308e+33,1.446,1.446,1.006,0.43999999999999995,1.226,0,1,0,2,0,1,0,2,0,0.583,0.427,0.15599999999999997,0.505,0,1,0,2,0,0,1,0,2,1.0
422,"(0.583, 1.739)","(1.006, 1.739)",2,2,2.547120760354763e+47,3.9871820613010925e+33,1.739,1.739,0.583,1.1560000000000001,1.161,0,1,0,2,0,0,0,1,1,1.739,1.006,0.7330000000000001,1.3725,0,1,0,2,0,1,0,2,0,1.0
423,"(0.583, 1.446)","(0.583, 0.649)",1,1,2.584054011379907e+47,2.3245271417385367e+33,0.583,1.446,0.583,0.863,1.0145,0,1,0,2,0,0,0,1,1,0.649,0.583,0.06600000000000006,0.616,0,1,0,2,0,0,1,0,2,1.0
424,"(0.649, 1.006)","(0.649, 1.446)",2,1,2.7067965769204524e+47,1.5086181149883102e+33,0.649,1.006,0.649,0.357,0.8275,0,1,0,2,0,0,0,1,1,1.446,0.649,0.7969999999999999,1.0474999999999999,0,1,0,2,0,0,0,1,1,1.0
425,"(0.427, 1.739)","(0.649, 1.184)",2,2,2.4807790627475945e+47,1.786203848146159e+33,1.184,1.739,0.427,1.312,1.083,0,1,0,2,0,0,0,1,1,1.184,0.649,0.5349999999999999,0.9165,0,1,0,2,0,0,0,1,1,1.0
426,"(0.427, 2.164)","(0.427, 1.739)",1,1,3.2138492757895088e+47,7.6270904315841e+32,0.427,2.164,0.427,1.737,1.2955,0,1,0,2,0,0,0,1,1,1.739,0.427,1.312,1.083,0,1,0,2,0,0,0,1,1,1.0
427,"(0.841, 1.184)","(0.583, 1.006)",1,2,3.2540223917368777e+47,9.030475070995573e+32,1.184,1.184,0.841,0.34299999999999997,1.0125,0,1,0,2,0,0,0,1,1,1.006,0.583,0.42300000000000004,0.7945,0,1,0,2,0,0,0,1,1,1.0
428,"(0.841, 1.184)","(0.583, 0.841)",1,1,3.2946976716335886e+47,7.594629534707276e+32,0.841,1.184,0.841,0.34299999999999997,1.0125,0,1,0,2,0,0,0,1,1,0.841,0.583,0.258,0.712,0,1,0,2,0,0,1,0,2,1.0
429,"(1.006, 2.164)","(0.427, 0.583)",1,1,5.222095809539238e+47,7.64019731191552e+32,1.006,2.164,1.006,1.1580000000000001,1.585,0,1,0,2,0,1,0,2,0,0.583,0.427,0.15599999999999997,0.505,0,1,0,2,0,0,1,0,2,1.0
430,"(0.649, 1.739)","(0.841, 2.164)",2,1,7.846198953832705e+47,6.425405939320952e+32,0.841,1.739,0.649,1.09,1.194,0,1,0,2,0,0,0,1,1,2.164,0.841,1.3230000000000002,1.5025,0,1,0,2,0,0,0,1,1,1.0
431,"(0.649, 1.184)","(0.649, 1.446)",2,2,8.218893404139758e+47,9.291136988258096e+32,1.446,1.184,0.649,0.5349999999999999,0.9165,0,1,0,2,0,0,0,1,1,1.446,0.649,0.7969999999999999,1.0474999999999999,0,1,0,2,0,0,0,1,1,1.0
432,"(0.649, 2.164)","(0.649, 1.446)",1,2,1.155987357292257e+48,2.010602044259052e+33,2.164,2.164,0.649,1.5150000000000001,1.4065,0,1,0,2,0,0,0,1,1,1.446,0.649,0.7969999999999999,1.0474999999999999,0,1,0,2,0,0,0,1,1,1.0
433,"(0.841, 1.446)","(1.006, 2.164)",2,1,1.8322399613082274e+48,2.0226656565246065e+33,1.006,1.446,0.841,0.605,1.1435,0,1,0,2,0,0,0,1,1,2.164,1.006,1.1580000000000001,1.585,0,1,0,2,0,1,0,2,0,1.0
434,"(0.841, 1.739)","(0.427, 2.164)",1,2,2.3635895500876135e+48,3.517415576696291e+33,1.739,1.739,0.841,0.8980000000000001,1.29,0,1,0,2,0,0,0,1,1,2.164,0.427,1.737,1.2955,0,1,0,2,0,0,0,1,1,1.0
435,"(0.583, 1.184)","(1.184, 1.739)",2,1,3.454386127453047e+48,4.164620042808408e+33,1.184,1.184,0.583,0.601,0.8835,0,1,0,2,0,0,0,1,1,1.739,1.184,0.5550000000000002,1.4615,0,1,0,2,0,1,0,2,0,1.0
436,"(1.184, 2.164)","(0.583, 1.006)",1,1,5.782642377356401e+48,4.930910130685155e+33,1.184,2.164,1.184,0.9800000000000002,1.674,0,1,0,2,0,1,0,2,0,1.006,0.583,0.42300000000000004,0.7945,0,1,0,2,0,0,0,1,1,1.0
437,"(1.184, 1.446)","(0.427, 1.006)",1,1,7.604174726223666e+48,5.838197594731223e+33,1.184,1.446,1.184,0.262,1.315,0,1,0,2,0,1,0,2,0,1.006,0.427,0.579,0.7165,0,1,0,2,0,0,0,1,1,1.0
438,"(1.184, 2.164)","(1.006, 2.164)",1,2,1.2729388491698416e+49,1.2633859594998367e+34,2.164,2.164,1.184,0.9800000000000002,1.674,0,1,0,2,0,1,0,2,0,2.164,1.006,1.1580000000000001,1.585,0,1,0,2,0,1,0,2,0,1.0
439,"(0.427, 0.583)","(0.841, 1.184)",2,1,1.2888505847844644e+49,1.0625075919393626e+34,0.841,0.583,0.427,0.15599999999999997,0.505,0,1,0,2,0,0,1,0,2,1.184,0.841,0.34299999999999997,1.0125,0,1,0,2,0,0,0,1,1,1.0
440,"(0.583, 1.739)","(0.583, 2.164)",2,1,1.770236278201462e+49,6.194419261006484e+33,0.583,1.739,0.583,1.1560000000000001,1.161,0,1,0,2,0,0,0,1,1,2.164,0.583,1.5810000000000002,1.3735,0,1,0,2,0,0,0,1,1,1.0
441,"(0.583, 0.649)","(0.841, 1.006)",2,2,1.63481320291905e+49,6.231585776572523e+33,1.006,0.649,0.583,0.06600000000000006,0.616,0,1,0,2,0,0,1,0,2,1.006,0.841,0.16500000000000004,0.9235,0,1,0,2,0,0,0,1,1,1.0
442,"(0.427, 1.446)","(1.006, 1.184)",2,1,1.7901204571963598e+49,6.268975291231959e+33,1.006,1.446,0.427,1.019,0.9365,0,1,0,2,0,0,0,1,1,1.184,1.006,0.17799999999999994,1.095,0,1,0,2,0,1,0,2,0,1.0
443,"(0.841, 2.164)","(1.006, 1.446)",1,2,2.6896559869375305e+49,1.356606253022596e+34,2.164,2.164,0.841,1.3230000000000002,1.5025,0,1,0,2,0,0,0,1,1,1.446,1.006,0.43999999999999995,1.226,0,1,0,2,0,1,0,2,0,1.0
444,"(0.841, 2.164)","(0.583, 1.446)",1,1,4.0412081203736393e+49,1.1409058587920032e+34,0.841,2.164,0.841,1.3230000000000002,1.5025,0,1,0,2,0,0,0,1,1,1.446,0.583,0.863,1.0145,0,1,0,2,0,0,0,1,1,1.0
445,"(1.006, 1.446)","(0.841, 1.739)",2,2,5.213158475281995e+49,1.9840352884392936e+34,1.739,1.446,1.006,0.43999999999999995,1.226,0,1,0,2,0,1,0,2,0,1.739,0.841,0.8980000000000001,1.29,0,1,0,2,0,0,0,1,1,1.0
446,"(0.583, 0.649)","(0.841, 1.446)",2,1,5.961246716484961e+49,1.668573677577446e+34,0.841,0.649,0.583,0.06600000000000006,0.616,0,1,0,2,0,0,1,0,2,1.446,0.841,0.605,1.1435,0,1,0,2,0,0,0,1,1,1.0
447,"(0.841, 1.184)","(1.184, 1.739)",2,1,8.712362076142771e+49,1.9755912342516959e+34,1.184,1.184,0.841,0.34299999999999997,1.0125,0,1,0,2,0,0,0,1,1,1.739,1.184,0.5550000000000002,1.4615,0,1,0,2,0,1,0,2,0,1.0
448,"(1.739, 2.164)","(0.841, 1.006)",1,2,1.700217459159262e+50,4.27517943092067e+34,2.164,2.164,1.739,0.42500000000000004,1.9515000000000002,0,1,0,2,0,1,0,2,0,1.006,0.841,0.16500000000000004,0.9235,0,1,0,2,0,0,0,1,1,1.0
449,"(0.649, 1.739)","(0.427, 1.006)",1,2,2.0300596462361587e+50,7.434537030371045e+34,1.739,1.739,0.649,1.09,1.194,0,1,0,2,0,0,0,1,1,1.006,0.427,0.579,0.7165,0,1,0,2,0,0,0,1,1,1.0
450,"(1.446, 1.739)","(1.006, 1.739)",1,2,3.2328699866310826e+50,1.2928659895815249e+35,1.739,1.739,1.446,0.29300000000000015,1.5925,0,1,0,2,0,1,0,2,0,1.739,1.006,0.7330000000000001,1.3725,0,1,0,2,0,1,0,2,0,1.0
451,"(0.583, 1.739)","(0.649, 1.184)",1,1,3.753362054478687e+50,7.537408719260289e+34,0.583,1.739,0.583,1.1560000000000001,1.161,0,1,0,2,0,0,0,1,1,1.184,0.649,0.5349999999999999,0.9165,0,1,0,2,0,0,0,1,1,1.0
452,"(0.427, 1.739)","(0.583, 1.446)",2,1,3.8077858042686275e+50,4.394309283328748e+34,0.583,1.739,0.427,1.312,1.083,0,1,0,2,0,0,0,1,1,1.446,0.583,0.863,1.0145,0,1,0,2,0,0,0,1,1,1.0
453,"(0.583, 1.446)","(1.184, 1.739)",2,1,5.565078952938599e+50,5.202862191461238e+34,1.184,1.446,0.583,0.863,1.0145,0,1,0,2,0,0,0,1,1,1.739,1.184,0.5550000000000002,1.4615,0,1,0,2,0,1,0,2,0,1.0
454,"(0.583, 0.841)","(0.427, 0.841)",1,2,3.962336214492282e+50,4.375607103018901e+34,0.841,0.841,0.583,0.258,0.712,0,1,0,2,0,0,1,0,2,0.841,0.427,0.414,0.634,0,1,0,2,0,0,1,0,2,1.0
455,"(0.427, 0.583)","(0.427, 2.164)",2,1,5.133206565874751e+50,1.8683842329890706e+34,0.427,0.583,0.427,0.15599999999999997,0.505,0,1,0,2,0,0,1,0,2,2.164,0.427,1.737,1.2955,0,1,0,2,0,0,0,1,1,1.0
456,"(0.841, 2.164)","(1.184, 1.446)",1,1,7.712642865226814e+50,1.5713111399438084e+34,0.841,2.164,0.841,1.3230000000000002,1.5025,0,1,0,2,0,0,0,1,1,1.446,1.184,0.262,1.315,0,1,0,2,0,1,0,2,0,1.0
457,"(1.184, 1.739)","(0.841, 1.446)",1,2,1.127202754752899e+51,2.732510072362283e+34,1.739,1.739,1.184,0.5550000000000002,1.4615,0,1,0,2,0,1,0,2,0,1.446,0.841,0.605,1.1435,0,1,0,2,0,0,0,1,1,1.0
458,"(0.427, 1.446)","(0.583, 0.841)",1,2,1.0556253798260899e+51,3.951209564635861e+34,1.446,1.446,0.427,1.019,0.9365,0,1,0,2,0,0,0,1,1,0.841,0.583,0.258,0.712,0,1,0,2,0,0,1,0,2,1.0
459,"(1.446, 2.164)","(0.649, 1.739)",1,1,1.9054038105860925e+51,5.713449030463455e+34,1.446,2.164,1.446,0.7180000000000002,1.8050000000000002,0,1,0,2,0,1,0,2,0,1.739,0.649,1.09,1.194,0,1,0,2,0,0,0,1,1,1.0
460,"(0.427, 0.649)","(1.006, 1.446)",2,2,2.3360250717785495e+51,8.261647298050156e+34,1.446,0.649,0.427,0.22200000000000003,0.538,0,1,0,2,0,0,1,0,2,1.446,1.006,0.43999999999999995,1.226,0,1,0,2,0,1,0,2,0,1.0
461,"(1.006, 2.164)","(0.649, 1.184)",1,1,3.702599738769001e+51,8.311217181838456e+34,1.006,2.164,1.006,1.1580000000000001,1.585,0,1,0,2,0,1,0,2,0,1.184,0.649,0.5349999999999999,0.9165,0,1,0,2,0,0,0,1,1,1.0
462,"(1.006, 2.164)","(0.427, 2.164)",1,1,5.868620585948867e+51,8.361084484929486e+34,1.006,2.164,1.006,1.1580000000000001,1.585,0,1,0,2,0,1,0,2,0,2.164,0.427,1.737,1.2955,0,1,0,2,0,0,0,1,1,1.0
463,"(0.583, 0.649)","(1.006, 2.164)",2,2,9.301763628728953e+51,1.8093386825387408e+35,2.164,0.649,0.583,0.06600000000000006,0.616,0,1,0,2,0,0,1,0,2,2.164,1.006,1.1580000000000001,1.585,0,1,0,2,0,1,0,2,0,1.0
464,"(0.427, 0.649)","(0.583, 2.164)",2,1,1.2775972344059216e+52,1.0548444519200858e+35,0.583,0.649,0.427,0.22200000000000003,0.538,0,1,0,2,0,0,1,0,2,2.164,0.583,1.5810000000000002,1.3735,0,1,0,2,0,0,0,1,1,1.0
465,"(0.649, 2.164)","(1.446, 2.164)",2,1,2.3060630081026887e+52,1.525305077476444e+35,1.446,2.164,0.649,1.5150000000000001,1.4065,0,1,0,2,0,0,0,1,1,2.164,1.446,0.7180000000000002,1.8050000000000002,0,1,0,2,0,1,0,2,0,1.0
466,"(1.184, 1.739)","(0.583, 1.184)",1,2,3.3703110863420794e+52,2.652505529731536e+35,1.739,1.739,1.184,0.5550000000000002,1.4615,0,1,0,2,0,1,0,2,0,1.184,0.583,0.601,0.8835,0,1,0,2,0,0,0,1,1,1.0
467,"(0.427, 1.446)","(1.006, 1.739)",2,1,4.6257519660045044e+52,2.6684205629099252e+35,1.006,1.446,0.427,1.019,0.9365,0,1,0,2,0,0,0,1,1,1.739,1.006,0.7330000000000001,1.3725,0,1,0,2,0,1,0,2,0,1.0
468,"(0.649, 1.739)","(1.446, 2.164)",2,2,8.349482298638131e+52,5.774462098137079e+35,2.164,1.739,0.649,1.09,1.194,0,1,0,2,0,0,0,1,1,2.164,1.446,0.7180000000000002,1.8050000000000002,0,1,0,2,0,1,0,2,0,1.0
469,"(0.841, 1.446)","(0.583, 1.446)",1,2,9.547633008492703e+52,8.349872193906216e+35,1.446,1.446,0.841,0.605,1.1435,0,1,0,2,0,0,0,1,1,1.446,0.583,0.863,1.0145,0,1,0,2,0,0,0,1,1,1.0
470,"(1.006, 2.164)","(0.583, 1.739)",1,2,1.5132998318460935e+53,1.806912342761305e+36,2.164,2.164,1.006,1.1580000000000001,1.585,0,1,0,2,0,1,0,2,0,1.739,0.583,1.1560000000000001,1.161,0,1,0,2,0,0,0,1,1,1.0
471,"(0.583, 1.184)","(0.427, 1.446)",1,1,1.3370004014360235e+53,1.0534298958298408e+36,0.583,1.184,0.583,0.601,0.8835,0,1,0,2,0,0,0,1,1,1.446,0.427,1.019,0.9365,0,1,0,2,0,0,0,1,1,1.0
472,"(0.427, 1.006)","(0.427, 1.446)",2,1,1.252100875944836e+53,4.49814565519342e+35,0.427,1.006,0.427,0.579,0.7165,0,1,0,2,0,0,0,1,1,1.446,0.427,1.019,0.9365,0,1,0,2,0,0,0,1,1,1.0
473,"(0.583, 1.739)","(0.583, 0.649)",1,1,1.4536891169719547e+53,2.6224189169777634e+35,0.583,1.739,0.583,1.1560000000000001,1.161,0,1,0,2,0,0,0,1,1,0.649,0.583,0.06600000000000006,0.616,0,1,0,2,0,0,1,0,2,1.0
474,"(0.841, 1.006)","(1.184, 1.446)",2,2,1.9116011888181204e+53,3.7920177539498456e+35,1.446,1.006,0.841,0.16500000000000004,0.9235,0,1,0,2,0,0,0,1,1,1.446,1.184,0.262,1.315,0,1,0,2,0,1,0,2,0,1.0
475,"(1.739, 2.164)","(0.583, 1.739)",1,2,3.7304897199785626e+53,8.205926419547466e+35,2.164,2.164,1.739,0.42500000000000004,1.9515000000000002,0,1,0,2,0,1,0,2,0,1.739,0.583,1.1560000000000001,1.161,0,1,0,2,0,0,0,1,1,1.0
476,"(0.427, 0.583)","(0.583, 0.649)",2,2,2.2979816675067944e+53,5.325646246286306e+35,0.649,0.583,0.427,0.15599999999999997,0.505,0,1,0,2,0,0,1,0,2,0.649,0.583,0.06600000000000006,0.616,0,1,0,2,0,0,1,0,2,1.0
477,"(0.583, 2.164)","(0.649, 1.006)",1,2,3.156277820320582e+53,1.1524698476963567e+36,2.164,2.164,0.583,1.5810000000000002,1.3735,0,1,0,2,0,0,0,1,1,1.006,0.649,0.357,0.8275,0,1,0,2,0,0,0,1,1,1.0
478,"(1.184, 1.446)","(1.184, 2.164)",2,2,5.283609071216654e+53,2.493944750414916e+36,2.164,1.446,1.184,0.262,1.315,0,1,0,2,0,1,0,2,0,2.164,1.184,0.9800000000000002,1.674,0,1,0,2,0,1,0,2,0,1.0
479,"(1.006, 2.164)","(0.583, 1.446)",1,2,8.374520377878397e+53,5.396896439897879e+36,2.164,2.164,1.006,1.1580000000000001,1.585,0,1,0,2,0,1,0,2,0,1.446,0.583,0.863,1.0145,0,1,0,2,0,0,0,1,1,1.0
480,"(0.841, 2.164)","(0.427, 0.583)",1,2,1.258271686776229e+54,1.1678883895939009e+37,2.164,2.164,0.841,1.3230000000000002,1.5025,0,1,0,2,0,0,0,1,1,0.583,0.427,0.15599999999999997,0.505,0,1,0,2,0,0,1,0,2,1.0
481,"(0.649, 0.841)","(0.649, 1.446)",2,2,1.3180395918980996e+54,1.6887666113527807e+37,1.446,0.841,0.649,0.19199999999999995,0.745,0,1,0,2,0,0,1,0,2,1.446,0.649,0.7969999999999999,1.0474999999999999,0,1,0,2,0,0,0,1,1,1.0
482,"(1.184, 1.739)","(0.583, 0.649)",1,1,1.9263148635590728e+54,1.9994996678416923e+37,1.184,1.739,1.184,0.5550000000000002,1.4615,0,1,0,2,0,1,0,2,0,0.649,0.583,0.06600000000000006,0.616,0,1,0,2,0,0,1,0,2,1.0
483,"(0.841, 2.164)","(0.583, 0.649)",1,2,2.8942880824975067e+54,4.326917281209423e+37,2.164,2.164,0.841,1.3230000000000002,1.5025,0,1,0,2,0,0,0,1,1,0.649,0.583,0.06600000000000006,0.616,0,1,0,2,0,0,1,0,2,1.0
484,"(0.841, 1.446)","(0.649, 2.164)",2,1,4.0708161880327434e+54,2.8081693155049153e+37,0.649,1.446,0.841,0.605,1.1435,0,1,0,2,0,0,0,1,1,2.164,0.649,1.5150000000000001,1.4065,0,1,0,2,0,0,0,1,1,1.0
485,"(1.446, 1.739)","(0.583, 1.446)",1,2,6.482774779442144e+54,4.883406439663048e+37,1.739,1.739,1.446,0.29300000000000015,1.5925,0,1,0,2,0,1,0,2,0,1.446,0.583,0.863,1.0145,0,1,0,2,0,0,0,1,1,1.0
486,"(0.583, 0.649)","(0.841, 2.164)",2,1,9.740369106111822e+54,4.1069448157566227e+37,0.841,0.649,0.583,0.06600000000000006,0.616,0,1,0,2,0,0,1,0,2,2.164,0.841,1.3230000000000002,1.5025,0,1,0,2,0,0,0,1,1,1.0
487,"(0.583, 1.446)","(0.427, 1.184)",1,2,9.881604458150443e+54,5.938642203584076e+37,1.446,1.446,0.583,0.863,1.0145,0,1,0,2,0,0,0,1,1,1.184,0.427,0.7569999999999999,0.8055,0,1,0,2,0,0,0,1,1,1.0
488,"(0.427, 1.006)","(0.583, 1.739)",2,1,1.1472542775912665e+55,3.4622284046895165e+37,0.583,1.006,0.427,0.579,0.7165,0,1,0,2,0,0,0,1,1,1.739,0.583,1.1560000000000001,1.161,0,1,0,2,0,0,0,1,1,1.0
489,"(0.427, 2.164)","(0.649, 1.446)",2,1,1.2017488557768516e+55,2.2469862346434964e+37,0.649,2.164,0.427,1.737,1.2955,0,1,0,2,0,0,0,1,1,1.446,0.649,0.7969999999999999,1.0474999999999999,0,1,0,2,0,0,0,1,1,1.0
490,"(1.446, 1.739)","(0.649, 0.841)",1,2,1.913785052824636e+55,3.9075090620450403e+37,1.739,1.739,1.446,0.29300000000000015,1.5925,0,1,0,2,0,1,0,2,0,0.841,0.649,0.19199999999999995,0.745,0,1,0,2,0,0,1,0,2,1.0
491,"(0.427, 1.446)","(0.649, 1.446)",2,1,2.004689842833806e+55,2.5359733812672313e+37,0.649,1.446,0.427,1.019,0.9365,0,1,0,2,0,0,0,1,1,1.446,0.649,0.7969999999999999,1.0474999999999999,0,1,0,2,0,0,0,1,1,1.0
492,"(0.649, 2.164)","(1.184, 1.739)",2,2,2.929854205301608e+55,4.410057710023716e+37,1.739,2.164,0.649,1.5150000000000001,1.4065,0,1,0,2,0,0,0,1,1,1.739,1.184,0.5550000000000002,1.4615,0,1,0,2,0,1,0,2,0,1.0
493,"(0.841, 1.184)","(1.446, 1.739)",2,1,4.6657928219428105e+55,6.376943448694293e+37,1.446,1.184,0.841,0.34299999999999997,1.0125,0,1,0,2,0,0,0,1,1,1.739,1.446,0.29300000000000015,1.5925,0,1,0,2,0,1,0,2,0,1.0
494,"(0.649, 0.841)","(0.583, 0.841)",1,2,3.476015652347394e+55,5.3630094403519e+37,0.841,0.841,0.649,0.19199999999999995,0.745,0,1,0,2,0,0,1,0,2,0.841,0.583,0.258,0.712,0,1,0,2,0,0,1,0,2,1.0
495,"(1.446, 2.164)","(1.006, 1.184)",1,1,6.274208252487046e+55,7.754911650748847e+37,1.446,2.164,1.446,0.7180000000000002,1.8050000000000002,0,1,0,2,0,1,0,2,0,1.184,1.006,0.17799999999999994,1.095,0,1,0,2,0,1,0,2,0,1.0
496,"(0.427, 0.841)","(1.739, 2.164)",2,1,1.2244117404728473e+56,1.3485791360652246e+38,1.739,0.841,0.427,0.414,0.634,0,1,0,2,0,0,1,0,2,2.164,1.739,0.42500000000000004,1.9515000000000002,0,1,0,2,0,1,0,2,0,1.0
497,"(1.006, 1.184)","(0.649, 0.841)",1,2,1.3407308558177678e+56,1.5967176971012259e+38,1.184,1.184,1.006,0.17799999999999994,1.095,0,1,0,2,0,1,0,2,0,0.841,0.649,0.19199999999999995,0.745,0,1,0,2,0,0,1,0,2,1.0
498,"(0.649, 0.841)","(0.649, 1.739)",2,2,1.6008326418464147e+56,2.776692075259032e+38,1.739,0.841,0.649,0.19199999999999995,0.745,0,1,0,2,0,0,1,0,2,1.739,0.649,1.09,1.194,0,1,0,2,0,0,0,1,1,1.0
499,"(0.583, 1.006)","(1.184, 1.446)",2,1,2.1050949240280353e+56,3.2876034171066937e+38,1.184,1.006,0.583,0.42300000000000004,0.7945,0,1,0,2,0,0,0,1,1,1.446,1.184,0.262,1.315,0,1,0,2,0,1,0,2,0,1.0
500,"(0.583, 1.739)","(0.427, 0.649)",1,2,2.4440152067965493e+56,5.717142342348541e+38,1.739,1.739,0.583,1.1560000000000001,1.161,0,1,0,2,0,0,0,1,1,0.649,0.427,0.22200000000000003,0.538,0,1,0,2,0,0,1,0,2,1.0
